id,age,male,female,pcomp_1,appear_1,motiv_1,pworth_1,gworth_1,parent_1,teach_1,mate_1,friend_1,affect_1,auton_1,pc1_1,pc2_1,pc3_1,pc4_1,mot1_1,mot2_1,mot3_1,mot4_1,mot5_1,psw1_1,psw2_1,psw3_1,psw4_1,ts1_1,ts2_1,ts3_1,ts4_1,ts5_1,enj1_1,enj2_1,enj3_1
1001,13.5,0,1,3.75,4,2.8,4,4,4,4,3.4,4,3,4,4,4,3,4,4,3,1,2,4,4,4,4,4,4,4,4,4,4,3,3,3
1002,14,0,1,2.75,2.75,3,3,3,3.8,3.4,3.8,4,2.33,2.6,3,2,3,3,3,3,3,3,3,3,3,3,3,3,4,3,3,4,3,2,2
1003,14.3,.,.,2.25,3.5,2.4,3,4,2.2,3.2,3.6,4,2,3,2,2,2,3,2,2,2,3,3,3,3,4,2,4,3,4,3,2,2,2,2
1004,15,1,0,3.5,3,3.4,3.2,3.25,3.6,3.6,3.6,4,3,3,3,3,4,4,4,3,3,3,4,3,3,4,3,4,4,4,3,3,3,3,3
1005,14.3,1,0,3.75,3,3.6,3,3.25,3.8,2.6,3.2,2.2,4,1.6,4,4,3,4,4,3,4,4,3,3,3,4,2,3,2,3,2,3,4,4,4
1006,14.4,0,1,2.25,2.25,2.8,2.2,3,4,4,4,4,3,3,2,3,2,2,2,2,3,3,4,3,2,2,2,4,4,4,4,4,3,3,3
1007,14,0,1,1.25,1,1.8,1,1.5,3.6,3,3,3.8,2,2.4,1,1,1,2,2,1,3,1,2,1,1,1,1,4,3,4,3,1,2,2,2
1008,16,0,1,2.25,2.25,2.6,2.2,3.5,3.8,4,3.6,3.8,3.33,3,2,2,3,2,3,1,3,3,3,2,2,3,2,4,4,4,4,4,4,3,3
1009,14.4,0,1,2.75,2.5,2.4,2.6,2.75,3,3,2.8,3.2,2,2.6,3,2,2,4,3,1,3,2,3,3,3,2,1,4,2,3,3,3,3,1,2
1010,14,0,1,2.25,3.5,3.2,2.6,4,4,4,4,4,1.67,3.8,2,2,3,2,4,1,4,3,4,3,2,3,1,4,4,4,4,4,1,2,2
1011,13.7,1,0,1.5,4,3.8,1.4,3.75,3.2,2.6,3.4,3,1,2.6,1,3,1,1,3,4,4,4,4,2,1,2,1,3,1,4,2,3,1,1,1
1012,14.3,0,1,3,2.75,3,2.8,3.5,3.6,3.4,3,4,2.33,2.6,3,3,3,3,3,3,3,3,3,3,3,3,2,4,4,4,2,3,3,2,2
1013,13.9,1,0,3.25,4,3,3,3.75,3.8,3,3,3.6,4,3.8,3,3,3,4,3,1,4,3,4,3,4,3,2,3,3,3,3,3,4,4,4
1014,15.1,1,0,3.75,3,4,3,3.75,3.8,2.8,3.6,3,3.33,4,4,4,3,4,4,4,4,4,4,3,3,3,3,2,3,3,3,3,4,3,3
1015,14.3,0,1,1.75,3,2.2,3,3.5,3,4,3.2,3.8,3,3.4,1,2,2,2,2,2,3,2,2,4,2,4,2,4,4,4,4,4,4,2,3
1016,13.9,1,0,2.75,2.5,3.6,2.6,2.75,4,1.8,2.8,4,1,3,3,2,3,3,3,3,4,4,4,3,2,3,2,1,2,2,2,2,1,1,1
1017,14.5,0,1,2.25,2.25,2.8,2.8,2.75,3,3.8,2.2,3.8,3.67,3.6,4,2,1,2,4,1,4,1,4,4,2,2,3,3,4,4,4,4,4,4,3
1018,13.9,.,.,2.25,3.25,2.4,2.8,3.5,3,2.6,2.6,2.4,1.33,3,2,3,1,3,4,2,1,2,3,2,2,3,3,3,2,3,2,3,1,2,1
1019,14.1,0,1,1.25,1.75,2,2,1.75,3.8,3.6,2.2,4,2.67,2.8,1,1,2,1,3,1,1,1,4,2,3,3,1,2,4,4,4,4,3,2,3
1020,14.6,1,0,2.75,3,2.8,3,3,2.4,2.8,3,3,3,3,3,3,2,3,3,3,3,3,2,3,3,3,3,3,3,2,3,3,3,3,3
1021,15,1,0,3.25,1.25,2.6,3,3.75,2.4,2,2.8,2.6,2.33,2,3,2,4,4,4,1,3,1,4,3,4,4,2,2,1,2,3,2,3,3,1
1022,14.1,1,0,4,3.75,2.8,4,4,3.2,3.6,3.8,3.4,4,3.4,4,4,4,4,4,1,4,3,2,4,4,4,4,4,4,3,3,4,4,4,4
1023,17.7,1,0,3.5,3,2.6,3.2,3,2.8,3,2.6,1.8,1.67,2.2,4,3,4,3,2,2,3,3,3,4,3,3,3,3,3,3,3,3,2,1,2
1024,13.5,0,1,2.75,3,3,3,3,3.4,3,2.6,3,4,2.8,3,2,3,3,3,3,3,3,3,4,3,3,2,3,3,3,3,3,4,4,4
1025,15.1,1,0,3.25,2.75,.,2.8,2.5,2,3,3,2.5,2.67,.,4,4,3,2,.,.,.,.,.,4,2,1,4,3,3,.,.,.,2,2,4
1026,14.2,1,0,2.25,2.5,3.4,3.8,3.25,4,3.8,1.6,3.2,3.67,2.8,2,2,2,3,4,4,3,3,3,4,4,4,4,3,4,4,4,4,3,4,4
1027,14.4,.,.,2.75,3,2.6,2.4,2,2.4,1.4,1.8,3,2.67,2.2,4,3,3,1,3,2,3,3,2,3,4,2,1,1,1,2,1,2,2,4,2
1028,14.5,1,0,3.25,3,2.8,3.2,2.5,4,3,3,3,2,2.8,4,3,3,3,3,2,3,3,3,4,3,3,3,3,3,3,3,3,2,2,2
1029,17.4,0,1,1,1.25,2.4,1.4,1.5,3.8,3.2,3.2,2.8,1,3.2,1,1,1,1,3,1,3,3,2,1,2,2,1,3,3,3,3,4,1,1,1
1030,14.2,1,0,3,3.25,2.2,3.2,3,3.8,2.6,3,3.2,2.33,2.8,3,2,4,3,2,1,2,3,3,4,3,3,3,2,3,3,2,3,3,2,2
1031,15,1,0,3.25,3.5,2.4,2.8,3,2.4,2.4,2.4,2.4,2.67,2.4,2,4,4,3,2,3,2,3,2,4,3,2,3,2,3,2,3,2,2,2,4
1032,14.6,1,0,4,3.75,4,4,3.75,4,4,3.8,4,4,3.4,4,4,4,4,4,4,4,4,4,4,4,4,4,4,4,4,4,4,4,4,4
1033,13.5,1,0,2.5,2.5,2.6,2.4,2.75,2.8,3.8,3.2,3,1.33,3.4,1,2,4,3,3,2,2,3,3,2,4,2,2,3,4,4,4,4,2,1,1
1034,15.4,1,0,2.5,2.5,2.8,2.8,3.25,3.6,1.8,3,4,2.67,3,3,3,2,2,3,1,4,3,3,3,2,4,2,1,2,3,2,1,3,3,2
1035,15.1,1,0,3,2.75,2.6,2.8,3,3.8,2.4,3.4,2.8,2.67,3.4,4,2,3,3,2,2,3,3,3,3,3,3,3,2,2,3,3,2,2,3,3
1036,15.3,0,1,2,2,2.4,2,2.5,1,2.6,3.6,4,1.67,2.8,1,2,2,3,3,2,2,2,3,2,2,2,2,3,2,2,3,3,2,2,1
1037,14.8,1,0,3.25,4,3.4,4,4,3.2,3,3.8,4,2.33,2.2,4,2,3,4,4,1,4,4,4,4,4,4,4,3,4,3,1,4,2,2,3
1038,14.3,1,0,4,3,3.6,3.4,3.75,3.8,2.2,3,4,4,3,4,4,4,4,4,3,4,3,4,3,4,4,2,2,1,3,2,3,4,4,4
1039,14,0,1,3.75,3.75,3.2,4,4,3.8,4,3.8,4,3,3.2,4,4,3,4,3,2,3,4,4,4,4,4,4,4,4,4,4,4,3,3,3
1040,14.6,0,1,1,1,1.6,1.2,1,1.8,1.4,1,1,1,1.6,1,1,1,1,1,1,1,2,3,2,1,1,1,1,2,1,1,2,1,1,1
1041,17.5,0,1,2.75,3.5,3,3,4,3.4,3.2,3.4,4,1,3.8,3,3,3,2,3,2,3,4,3,4,3,3,2,2,3,3,4,4,1,1,1
1042,14.4,1,0,2.25,3.5,3.2,2.6,4,3.8,3,3,3.4,1.67,2.8,2,2,3,2,3,3,4,3,3,2,3,3,3,3,3,3,2,4,3,1,1
1043,14.8,0,1,2,1.25,2,2,2,2.6,2.6,2.6,2.8,2,2.4,2,2,2,2,2,2,2,2,2,2,2,2,2,3,3,3,2,2,2,2,2
1044,14.5,.,.,2.5,2,2.2,1.8,2.5,2.4,2.2,2.2,2.4,2.33,2.2,2,2,3,3,3,1,2,3,2,1,1,2,3,2,2,2,3,2,2,4,1
1045,13.9,0,1,4,3,3.6,3.4,2.5,1.2,3.8,3,4,4,4,4,4,4,4,4,2,4,4,4,4,4,3,2,4,3,4,4,4,4,4,4
1046,13.6,1,0,3.75,3,2,2.4,3.5,3.2,3,3.2,3,3.67,3,4,4,4,3,2,1,2,1,4,3,2,3,1,3,3,4,1,4,4,4,3
1047,13.9,1,0,2,2.5,2,2.2,2.5,1,1,2.2,2.8,1,2.6,2,2,2,2,3,1,3,2,1,2,2,2,3,1,1,1,1,1,1,1,1
1048,13.9,0,1,3,2.75,2.4,3,4,3.4,2.6,3.8,4,2.67,3.2,3,3,3,3,3,3,2,3,1,3,3,3,3,2,3,2,3,3,3,2,3
1049,13.7,1,0,1.75,1.25,2.6,1.2,2.5,4,1.6,3.2,2.4,2,2.2,2,1,2,2,4,2,2,2,3,1,1,2,1,1,3,1,1,2,2,2,2
1050,14.2,1,0,2.5,3.5,2.4,3,3,3.6,3,3.2,3,2.67,2.4,3,2,3,2,3,1,3,2,3,4,3,3,2,3,3,3,3,3,3,2,3
1051,14.5,1,0,4,3.25,3.8,3.2,2.75,2.8,3,2.2,2.8,4,3.6,4,4,4,4,4,4,4,3,4,3,4,3,3,4,3,2,3,3,4,4,4
1052,13.9,0,1,2.25,4,3,4,4,3.6,4,3.6,4,1,3.6,3,2,3,1,3,1,4,3,4,4,4,4,4,4,4,4,4,4,1,1,1
1053,13.6,1,0,2.25,4,2.4,3.2,3.5,3.8,3.2,3.2,3.2,2,2.6,2,2,2,3,2,2,2,3,3,3,4,3,3,3,3,3,3,4,2,2,2
1054,13.9,0,1,2.5,2.25,2.6,2.2,3,3,2.6,3.6,4,3.67,2.6,3,3,2,2,4,1,3,2,3,3,2,2,2,1,2,3,4,3,4,3,4
1055,13.6,0,1,3.25,2.25,2.8,3,3,2.8,3,3.2,3.2,3,2,4,3,3,3,4,1,3,3,3,3,3,3,3,3,3,3,3,3,3,3,3
1056,13.6,1,0,3.25,3.25,2.8,3,3,2.8,2.8,3.2,2.8,3,2.4,3,3,3,4,3,2,3,3,3,3,3,3,3,3,2,4,2,3,3,3,3
1057,14.1,1,0,2.75,3,2.6,3,3,2.8,2.8,2.6,3.2,2.67,2.4,3,3,2,3,3,2,3,2,3,3,3,3,3,3,1,4,3,3,3,3,2
1058,14.3,0,1,1.75,2.25,2.8,2,2.25,2.8,2.6,3.4,4,3,3,1,2,2,2,3,2,3,3,3,2,1,3,3,2,2,4,2,3,3,3,3
1059,14.5,1,0,3.25,4,2.4,3.8,4,2.6,2.8,3.4,2.6,3,2.8,3,3,3,4,3,3,2,2,2,3,4,4,4,3,2,3,3,3,4,2,3
1060,14.9,0,1,2,3,2.4,3.2,3,2.8,2.8,3.6,2.8,2.67,2.8,2,2,2,2,3,1,2,3,3,3,3,4,3,2,3,3,3,3,3,2,3
1061,13.6,1,0,3.25,2,2.8,2.6,3,2.6,2.6,2.6,2.4,2,2.4,4,3,3,3,3,3,2,3,3,4,2,2,2,3,2,4,1,3,2,2,2
1062,14.3,0,1,1.25,2.25,2.4,2.2,3,2.2,3,3.4,3.2,1,2.4,2,1,1,1,2,1,3,3,3,2,2,3,2,4,2,3,2,4,1,1,1
1063,14,1,0,2.5,3,3,4,3.75,2.8,3.2,3.8,3,4,3.2,1,2,3,4,4,2,3,3,3,4,4,4,4,1,4,3,4,4,4,4,4
1064,13.5,1,0,2.25,2.25,2.2,2.6,2.75,3.2,2.4,2.2,2.2,3,2.8,2,2,3,2,3,1,2,2,3,2,2,3,3,2,2,3,2,3,3,3,3
1065,14.5,1,0,4,4,3.6,4,4,4,3,4,4,3,2.2,4,4,4,4,4,3,4,3,4,4,4,4,4,2,4,3,3,3,3,3,3
1066,13.7,1,0,3.5,2.75,3,3,3.75,3.2,2.6,2.4,2.6,3.33,2.6,4,2,4,4,4,4,4,1,2,4,3,2,4,1,2,4,3,3,4,3,3
1067,14.5,.,.,2,4,2.2,2.6,3.5,2.8,3.8,3.4,4,2,3,3,2,2,1,3,1,3,2,2,3,3,2,3,4,4,4,3,4,2,2,2
1068,14.1,0,1,1,1,1.6,1,1.25,3,3.4,3.6,3.6,1,2.8,1,1,1,1,1,2,1,3,1,1,1,1,1,3,3,4,3,4,1,1,1
1069,13.5,0,1,4,3.5,2.8,3.2,4,3.8,3.4,4,3.4,3.33,2.8,4,4,4,4,4,1,1,4,4,3,1,4,4,3,4,3,3,4,4,3,3
1070,14.5,0,1,2.25,2.5,2.8,2.8,3,3.4,3.2,3.2,3.2,3,2.8,4,2,2,1,3,3,3,2,3,3,3,3,2,3,3,3,3,4,3,3,3
1071,13.9,0,1,2,1,2,1.4,2,3.4,2.4,2.6,2.6,3,2.8,2,2,2,2,3,2,2,1,2,2,1,2,1,1,3,2,3,3,3,3,3
1072,14.7,1,0,3.75,4,2.6,3.6,3.5,3.2,3.6,3.4,3.2,3.67,2.8,4,4,3,4,4,2,3,2,2,4,3,4,3,4,4,3,3,4,3,4,4
1073,13.8,0,1,1.25,1.75,3,2,2.75,2.4,2.4,3.2,4,1,3.2,1,1,1,2,4,4,2,3,2,2,2,2,2,3,2,1,2,4,1,1,1
1074,16.5,0,1,1.75,2,2.2,1.8,2,1.6,3.8,2.2,3,1.67,2.4,1,2,2,2,3,2,2,2,2,2,1,2,2,4,3,4,4,4,2,2,1
1075,14,1,0,2,2.75,2.75,2.2,3,3.33,3,2.75,3.75,2,3.8,2,2,2,2,.,1,4,3,3,2,3,2,2,3,.,3,.,3,2,2,2
1076,13.8,0,1,2,3,2.8,2.5,3,2,1.6,4,4,3,4,.,.,.,2,4,3,2,2,3,.,2,3,2,2,2,2,1,1,.,.,3
1077,16.6,.,.,3,1.5,2.4,3.4,3,2.4,3.6,2.6,3,2.67,2,4,3,3,2,4,2,2,3,1,2,4,4,4,3,3,4,4,4,2,4,2
1078,14.8,1,0,2.75,3.75,.,1.6,3,3,3,2.5,1,1.33,.,4,2,1,4,.,.,.,.,.,3,2,1,1,4,2,.,.,.,1,2,1
1079,14.5,1,0,3.75,3.75,.,3.8,3.5,2.6,2.8,4,3.2,1,.,3,4,4,4,.,.,.,.,.,4,3,4,4,3,3,3,1,4,1,1,1
1080,14,1,0,4,3.5,.,4,4,3.4,3.8,4,4,4,.,4,4,4,4,.,.,.,.,.,4,4,4,4,3,4,4,4,4,4,4,4
1081,14,1,0,.,.,.,.,.,.,.,.,.,.,.,.,.,.,.,.,.,.,.,.,.,.,.,.,.,.,.,.,.,.,.,.
1082,14.1,0,1,2.25,2,.,2.4,2.5,2,2,2,3,2,.,3,2,2,2,.,.,.,.,.,3,2,2,3,2,2,.,.,.,2,2,2
1083,15,1,0,.,.,.,.,.,.,.,.,.,.,.,.,.,.,.,.,.,.,.,.,.,.,.,.,.,.,.,.,.,.,.,.
1084,14,0,1,3.5,3.25,2.8,3.8,4,2.8,3.8,3.4,3.2,4,3.2,4,4,3,3,4,2,3,2,3,3,4,4,4,4,3,4,4,4,4,4,4
1085,13.9,0,1,2,2,2.6,2.2,2.5,3,3.2,3,3.2,3,2.6,2,2,2,2,3,2,3,3,2,2,3,2,2,4,4,3,3,2,3,3,3
1086,14.6,1,0,3,1.75,3.6,3.4,2.75,2.2,3.4,2.8,1.2,4,2.8,4,3,2,3,4,3,4,3,4,4,4,4,2,3,2,4,4,4,4,4,4
1087,14.1,1,0,2.25,2,.,2.8,1.5,2,.,1,3,3.33,.,3,3,1,2,.,.,.,.,.,4,1,1,4,.,.,.,.,.,3,3,4
1088,14,1,0,2.75,2.75,3,2.8,2.75,1,2,2.8,3.6,3,2,3,2,3,3,3,3,3,3,3,3,2,3,3,1,2,2,2,3,3,3,3
1089,14,1,0,3.5,3.75,2.8,3.6,3.5,3.6,3.4,3.2,3.4,3.67,2.8,4,4,3,3,3,2,3,3,3,4,4,4,3,3,4,3,4,3,4,4,3
1090,14.5,0,1,3,2.25,3.4,2.6,3.5,4,4,4,3,3,3.2,3,4,2,3,3,3,4,3,4,3,3,3,2,4,4,4,4,4,3,3,3
1091,13.7,0,1,2.25,2,2.6,2,2.5,3.6,2.6,3.4,4,3.33,2.4,2,2,2,3,3,3,3,2,2,2,2,2,2,2,3,3,3,2,3,4,3
1092,14.1,1,0,3.5,3.75,3.4,3.8,4,3.8,3.8,3.8,4,3,3.2,4,3,3,4,3,3,4,4,3,4,4,3,4,4,3,4,4,4,3,3,3
1093,15.6,0,1,3,2.25,3.2,2.4,2.75,3.4,3.2,3.4,3,3.67,2.4,4,3,3,2,2,3,4,4,3,3,2,3,2,2,4,4,3,3,4,4,3
1094,14.5,0,1,2.25,1.75,2.4,2.6,2.5,3.4,3,2.8,4,3,3.4,4,2,2,1,3,1,2,3,3,4,4,1,2,3,2,3,3,4,4,2,3
1095,14.2,0,1,3.25,3.75,3.8,3.4,3.75,3,3.8,3.8,4,2.67,2.8,3,3,3,4,4,3,4,4,4,4,3,4,3,3,4,4,4,4,3,3,2
1096,14.2,1,0,3,2,2.6,3,3,2.6,2.8,2.2,2.8,2.67,2.8,3,3,3,3,3,3,2,2,3,3,3,3,3,2,3,3,3,3,3,2,3
1097,15.5,1,0,2.5,2.5,2.8,3,2.75,2.2,2.8,2.6,2.4,2.33,2.8,1,3,3,3,3,2,3,3,3,4,3,3,2,3,2,3,3,3,1,3,3
1098,15.6,0,1,2.5,2.5,2.4,2.8,3,2.8,2.6,2.4,2.6,3,2.2,2,3,3,2,2,2,3,3,2,3,3,3,2,2,3,3,3,2,3,3,3
1099,14,0,1,1.5,1.5,3,2.4,2.5,3.8,3.2,3,4,1,2.8,1,2,1,2,2,3,3,4,3,3,2,2,2,3,4,4,2,3,1,1,1
1100,16.8,.,.,1,1.5,1.4,2.2,2,1.8,2.2,2.4,2.8,1,3.6,1,1,1,1,2,1,2,1,1,2,2,2,3,2,2,2,2,3,1,1,1
1101,13.6,1,0,2.5,4,2.8,3,4,2.8,3,3,3,3,2.8,3,2,3,2,3,2,3,3,3,4,2,3,3,3,3,3,3,3,3,3,3
1102,14.2,0,1,2.5,2.25,2.4,2.4,2.5,3,2.4,3.4,2.8,2.67,3,2,2,3,3,3,3,2,2,2,2,3,2,2,4,3,2,1,2,3,2,3
1103,14.6,0,1,1.5,1.25,2,1,1,3.2,4,2.4,3.2,1.67,2.6,2,1,1,2,3,1,1,1,4,1,1,1,1,4,4,4,4,4,2,2,1
1104,14.5,1,0,4,4,2.6,4,4,3.6,3.4,4,4,3.33,4,4,4,4,4,3,1,3,4,2,4,4,4,4,2,4,4,3,4,4,3,3
1105,14.5,1,0,3.75,3.25,2.4,3.6,4,4,3.4,3.4,3,4,3.4,4,4,4,3,3,1,3,1,4,4,4,3,4,4,4,4,2,3,4,4,4
1106,13.8,1,0,4,4,3.8,4,4,4,3.2,3.8,3.4,4,3.2,4,4,4,4,4,3,4,4,4,4,4,4,4,4,4,4,3,1,4,4,4
1107,13.8,1,0,2.25,3.25,2.8,2.4,3.75,3.2,3,2.6,4,2,2.8,3,2,2,2,3,2,3,3,3,3,2,3,2,3,3,3,3,3,3,1,2
1108,14.4,1,0,2.75,3.5,3.4,4,3.75,4,2.6,3.4,4,2.67,4,3,3,3,2,4,1,4,4,4,4,4,4,4,1,4,1,3,4,3,2,3
1109,13.7,1,0,3,3,2.2,3,3,3.2,2.8,3,3,2.67,3,3,3,3,3,3,2,2,1,3,3,3,3,3,3,3,3,2,3,3,3,2
1110,15.4,1,0,3,3,1.8,3,3,2.6,2.2,3,3,3,2.4,4,3,2,3,4,2,1,1,1,3,3,3,3,2,3,2,1,3,4,3,2
1111,14.5,0,1,1.75,2.5,2.6,3,2.75,2.8,2.8,2.8,3,2,2.8,2,2,2,1,3,2,2,3,3,3,3,3,3,3,3,3,2,3,2,2,2
1112,14.4,0,1,3.75,4,2.8,4,4,4,3.6,3.2,3.2,3.67,3.4,4,4,3,4,4,1,3,3,3,4,4,4,4,4,4,3,4,3,4,4,3
1113,13.6,0,1,1.75,3,2.8,2,2.75,3.8,3.6,2.8,3.2,3,2.8,2,1,2,2,3,2,3,3,3,2,2,2,2,4,4,3,4,3,3,3,3
1114,13.8,1,0,3,3.25,4,3,4,4,4,4,4,3.33,4,3,3,3,3,4,4,4,4,4,3,3,3,3,4,4,4,4,4,4,3,3
1115,14.2,0,1,1.5,3,2.6,3.6,4,3.6,3.6,3,3.6,3,3.6,2,2,1,1,3,1,3,3,3,4,3,4,3,4,4,3,3,4,3,3,3
1116,13.7,1,0,3,2.5,3,2.8,3,2.8,3.8,3.4,3.8,2.67,2.8,3,3,3,3,4,2,4,4,1,3,3,2,3,4,4,4,4,3,3,2,3
1118,14.8,1,0,2,3,3.4,3.2,3.75,3.4,4,4,4,2.33,2.8,1,2,2,3,4,2,4,3,4,3,2,3,4,4,4,4,4,4,3,2,2
1119,15.1,0,1,1.25,2.75,2.6,3,3.25,4,3.8,3.4,4,1.33,3,1,1,1,2,3,1,3,3,3,4,2,3,3,4,4,3,4,4,2,1,1
1120,13.9,1,0,4,2.5,3.6,3.4,4,4,2.2,4,4,4,3.4,4,4,4,4,4,2,4,4,4,4,1,4,4,1,3,2,2,3,4,4,4
1121,14.2,0,1,1.75,1.5,2.2,2,1.5,3.2,2.8,3.4,3.2,1.67,3.8,1,2,2,2,2,2,2,3,2,2,2,2,2,3,3,3,2,3,2,1,2
1122,14.1,1,0,3.75,3.75,2.2,3.8,4,2.4,2.8,3.8,3,4,2.6,4,4,4,3,4,1,1,1,4,3,4,4,4,3,2,4,1,4,4,4,4
1123,13.9,1,0,3.5,3.75,2.4,3.4,3.5,4,4,2.6,3.8,3.67,2.8,4,2,4,4,3,2,2,2,3,4,3,4,2,4,4,4,4,4,4,3,4
1124,13.9,0,1,3.5,3,3.8,3.6,3.5,3.8,3,3.2,4,3.33,3,4,3,3,4,4,4,4,3,4,3,4,4,3,3,3,3,3,3,4,3,3
1125,13.5,0,1,2,2.25,2.2,2.2,3.75,2.8,2.6,3,4,1.67,3,1,1,2,4,3,1,2,3,2,2,2,2,3,3,3,2,1,4,2,2,1
1126,15.7,0,1,2.25,2.25,2.4,2.4,3.25,2.8,2.8,3.2,3.8,2.33,3.4,2,2,2,3,2,2,3,2,3,3,1,3,2,3,3,3,2,3,2,2,3
1127,14,1,0,3,2.5,3,3,3,3.2,2.8,3.2,2.8,3.67,3,3,3,3,3,4,3,2,3,3,3,3,3,3,2,3,3,3,3,4,4,3
1128,14.1,0,1,3.25,3.5,3.4,3.6,4,3.8,3,3.8,4,4,3.2,3,3,3,4,4,3,4,3,3,4,4,4,3,3,3,3,2,4,4,4,4
1129,14.3,1,0,3.5,3,2.6,3.2,3,3.6,3.2,3.2,2.2,4,2.8,4,4,3,3,4,1,3,3,2,3,3,3,3,4,3,3,3,3,4,4,4
1130,14.3,1,0,3,2.5,2.6,3.2,3,1.6,2.8,2.8,2.6,4,2.6,4,4,3,1,4,2,2,2,3,4,3,3,2,3,2,3,3,3,4,4,4
1131,14.5,0,1,3,3.75,3.4,3.4,3.5,3.8,2.4,3.6,4,3,2.6,3,3,3,3,4,3,4,3,3,4,4,3,2,2,2,2,2,4,3,3,3
1132,13.7,0,1,3,4,2.8,3.2,4,4,3.4,3.8,2.2,2.33,2.8,3,4,2,3,4,1,2,4,3,4,3,3,3,4,4,3,2,4,3,2,2
1133,13.9,1,0,3.5,2.75,3,3.8,3.75,3.8,2.4,2.6,2.8,3,2.6,4,3,3,4,3,2,4,3,3,3,4,4,4,2,3,3,1,3,3,3,3
1134,13.6,1,0,2.75,3.75,3.6,3.6,3.75,4,4,3,3.6,3.33,3.4,3,3,3,2,4,4,4,2,4,4,3,4,4,4,4,4,4,4,4,3,3
1135,14.1,1,0,3,3,.,3.6,3.75,3.2,3.2,2.6,2.8,2,.,2,3,3,4,.,.,.,.,.,4,3,4,3,4,1,4,3,4,2,2,2
1136,13.5,0,1,2.25,3,3.2,3.5,3.5,3.2,3,3.2,3.8,3,3,1,2,2,4,3,3,3,3,4,3,4,.,.,2,3,3,3,4,3,3,3
1137,14.3,0,1,2.75,3,3.4,3.8,4,3.8,3.4,3.2,4,3.33,3.6,3,3,2,3,4,3,3,3,4,4,4,4,3,3,4,3,4,3,4,3,3
1138,13.9,1,0,2.75,3.75,2.4,2.8,3.5,3.6,3.8,3.4,3.4,4,3,3,4,2,2,3,1,3,3,2,2,3,3,3,4,4,4,4,3,4,4,4
1139,14.5,0,1,3.25,2,2.8,3,2.5,4,3,2.8,3.8,2.67,2.8,4,2,3,4,4,2,3,1,4,4,1,2,4,3,3,3,3,3,3,2,3
1140,13.5,1,0,2,1.5,2.6,2.75,3.67,3.2,3.2,3.2,1.8,3,2.4,.,.,.,2,4,1,2,4,2,.,3,3,2,4,1,3,4,4,.,.,3
1141,13.5,1,0,3.25,2,2.6,3,2.75,2.6,2.2,2.6,2.8,2.33,2.4,3,4,3,3,4,3,2,1,3,4,3,3,2,3,2,2,2,2,3,2,2
1142,14.5,1,0,3.75,4,4,4,4,3.2,3.6,3.6,3.2,4,3.4,4,4,3,4,4,4,4,4,4,4,4,4,4,4,3,4,3,4,4,4,4
1143,14.3,0,1,2.5,2.5,3.6,2.6,3,3.8,3,3.4,3.2,4,3.2,3,2,2,3,4,3,4,3,4,3,3,3,1,4,1,3,3,4,4,4,4
1144,13.7,1,0,3,3.25,3.8,3.2,3.5,3.8,3,3,3.8,4,3,3,3,3,3,4,3,4,4,4,3,4,3,3,3,3,3,3,3,4,4,4
1145,13.5,1,0,3.5,3.75,3.2,4,3.75,3.2,3.4,3.4,3,3.67,3,3,4,4,3,4,1,4,3,4,4,4,4,4,3,4,3,3,4,4,3,4
1146,14.1,1,0,2.25,2.75,3,2.6,3,4,3.8,3,4,2,1.8,3,2,2,2,3,3,3,3,3,3,2,3,2,4,3,4,4,4,2,2,2
1147,14.3,0,1,2.75,2.75,2.8,3,2.5,3.4,3,3,3.6,2,3,3,3,2,3,3,2,3,3,3,3,3,3,3,3,3,3,3,3,2,2,2
1148,14.5,1,0,4,4,3.4,4,4,4,3.4,4,4,3,4,4,4,4,4,4,1,4,4,4,4,4,4,4,4,1,4,4,4,3,3,3
1149,14.2,0,1,2.25,2.25,2.8,2.2,3,2.8,3.8,3.4,4,2,3,3,2,2,2,3,1,4,3,3,2,3,2,2,4,4,3,4,4,2,2,2
1150,14.4,1,0,3.25,2.25,3.2,2.2,2.5,3,3.4,2.6,3.8,3.67,2.8,3,3,3,4,3,4,3,3,3,2,3,2,2,4,3,3,3,4,4,3,4
1151,14.1,1,0,2,2.75,3,2.8,3.25,3.8,3.2,3.6,3.6,3,2.2,2,2,2,2,3,2,3,3,4,3,2,3,3,3,4,3,2,4,3,3,3
1152,14.5,1,0,2,2.5,2.8,2.8,3,3.8,3,3,3.8,1.33,3.2,2,2,2,2,3,2,3,3,3,3,2,3,3,3,3,3,3,3,2,1,1
1153,14.3,1,0,2,2,2.8,2.5,3.33,3,3.4,3.4,3.6,1,1.8,.,.,.,2,3,2,3,3,3,.,3,2,3,4,4,3,2,4,.,.,1
1154,13.8,1,0,4,3.75,2.4,4,3.25,3.2,2.4,3.6,4,4,2.4,4,4,4,4,3,1,2,2,4,4,4,4,4,3,2,3,2,2,4,4,4
1155,13.5,0,1,2.25,2.5,2.2,2.4,3.5,2.8,4,3.4,4,2.67,2.8,2,2,3,2,3,1,2,2,3,2,3,2,2,4,4,4,4,4,3,2,3
1156,14.5,0,1,2.75,3,4,3,3.25,4,4,3.6,4,3.33,4,2,3,2,4,4,4,4,4,4,3,3,4,2,4,4,4,4,4,4,3,3
1157,14.1,0,1,2.75,2,3.2,2.4,2.75,4,3.2,3.6,4,3,3.6,4,3,2,2,3,3,4,3,3,3,2,2,2,3,3,3,3,4,3,3,3
1158,13.7,0,1,3,3.75,3.6,3.8,3.75,3,3.4,4,4,3.33,3,3,2,3,4,4,3,4,3,4,4,4,4,4,4,4,3,3,3,4,3,3
1159,14.4,1,0,3,3,2.8,2.8,2.75,4,3.8,3.2,2.8,3,2.6,3,4,2,3,3,3,2,2,4,2,3,3,3,4,4,3,4,4,3,3,3
1160,15.8,0,1,2.25,2,2.4,2,2.75,1.8,2.4,2.8,3.2,2,2.6,3,2,2,2,3,1,3,2,3,2,2,2,2,3,2,3,1,3,2,2,2
1161,13.8,0,1,.,.,.,.,.,.,.,.,.,.,.,.,.,.,.,.,.,.,.,.,.,.,.,.,.,.,.,.,.,.,.,.
1162,13.5,0,1,.,.,.,.,.,.,.,.,.,.,.,.,.,.,.,.,.,.,.,.,.,.,.,.,.,.,.,.,.,.,.,.
1163,15.8,0,1,.,.,.,.,.,.,.,.,.,.,.,.,.,.,.,.,.,.,.,.,.,.,.,.,.,.,.,.,.,.,.,.
1164,13.5,0,1,2.5,2,2.2,2.8,2.5,3.5,3.33,3.5,3.67,3,2.4,3,2,3,2,3,2,2,2,2,3,2,3,3,.,.,3,4,3,3,3,3
1165,13.5,1,0,3.75,3.5,3.4,2.8,4,3,3.33,4,3,4,4,3,4,4,4,4,2,4,4,3,4,1,4,1,.,.,3,3,4,4,4,4
1166,20,0,1,1.75,3,2.6,2.4,3.25,4,2.6,2.8,3.8,2.67,2.6,2,2,1,2,3,2,3,2,3,2,2,3,3,3,3,2,2,3,4,2,2
1167,14.3,0,1,3,3.5,3.4,3.6,4,4,4,4,3.4,2.67,3.6,3,4,3,2,4,1,4,4,4,3,3,4,4,4,4,4,4,4,2,3,3
1168,13.7,1,0,3,3,2.6,3,3,4,3.2,3.4,3.6,1.67,3,3,3,2,4,3,2,3,2,3,4,3,3,2,3,3,3,3,4,2,2,1
1169,13.5,0,1,3.25,3.25,2.4,3.2,3.25,3.8,3.4,2.6,2.4,2.33,3.4,3,3,3,4,4,1,2,2,3,3,4,2,4,3,3,4,3,4,3,2,2
1170,13.5,0,1,1,1,2,1,2,2,3,2.2,4,1.67,3,1,1,1,1,3,2,2,1,2,1,1,1,1,3,4,3,2,3,2,2,1
1171,13.6,0,1,3,3.5,3.4,3.4,4,3.8,4,4,4,2.67,3,3,3,3,3,4,1,4,4,4,3,3,4,3,4,4,4,4,4,2,3,3
1172,13.7,.,.,2,2.25,2.6,3.2,2.5,3,3,2.4,2.4,3,2.6,1,1,4,2,4,2,2,2,3,2,4,3,4,2,4,4,2,3,4,3,2
1173,13.7,.,.,2.75,3.75,1.8,2.6,3.25,2.2,2.2,2.4,1.2,3.33,2.4,3,2,2,4,3,3,1,1,1,3,3,4,2,3,2,3,2,1,4,3,3
1174,14.5,1,0,3.5,3.5,2.6,3.4,3.75,3.2,3,2.8,3.6,3.33,3.2,3,4,3,4,4,2,2,2,3,4,3,3,3,3,2,3,3,4,4,3,3
1175,15.5,1,0,3.25,4,.,3.2,4,3,2.5,3.25,2.75,2.67,.,4,4,4,1,.,.,.,.,.,4,1,4,3,2,3,3,2,.,3,3,2
1176,14,1,0,3.75,2.5,3.2,3.8,3.75,3.8,3,4,4,3.33,4,4,4,3,4,4,2,4,2,4,4,3,4,4,3,3,3,3,3,4,3,3
1177,14.7,1,0,4,4,2.4,4,4,3.2,2.8,2.8,2.8,4,3,4,4,4,4,3,1,3,3,2,4,4,4,4,4,1,2,3,4,4,4,4
1178,14.9,1,0,3.75,2.5,3.2,4,2.5,3.6,3.2,3.4,3.2,3.33,3.2,4,4,3,4,4,2,3,3,4,4,4,4,4,2,2,4,4,4,4,3,3
1179,13.8,1,0,3.25,3.25,2.8,2.6,2.75,3,3,3,3,3,3,3,3,3,4,3,2,3,3,3,3,2,3,2,3,3,3,3,3,3,3,3
1180,13.9,1,0,3.75,4,2.4,3.6,3.75,2.4,2.6,3,2.4,2.67,3,4,3,4,4,4,2,2,2,2,3,4,4,3,2,2,3,2,4,2,3,3
1181,13.5,0,1,1.75,2,3.6,2,3,4,2.8,3.6,4,1,4,2,1,2,2,3,3,4,4,4,2,2,2,2,2,3,3,3,3,1,1,1
1182,14.3,1,0,2,3.25,2.4,2.8,2,3.4,3.4,2.4,2.2,2,3.2,1,1,3,3,2,3,3,2,2,3,2,3,3,4,4,4,1,4,2,2,2
1183,14.4,1,0,3.25,3.75,2.6,3.6,3.75,3.6,3.8,4,3.8,2.33,4,3,4,3,3,3,1,4,4,1,4,3,4,3,3,4,4,4,4,3,3,1
1184,13.8,1,0,2.5,2.75,2.6,2.4,3,3.2,2.6,2.4,2.8,2.33,2.8,2,3,3,2,3,2,3,2,3,3,2,3,2,3,2,3,2,3,3,2,2
1185,13.9,1,0,2.75,2.5,2.6,1.8,3.25,1.6,2.2,3.2,2,1,1.6,4,3,2,2,2,1,3,4,3,1,1,2,3,2,3,2,2,2,1,1,1
1186,13.6,1,0,4,2.25,3.8,3.8,2.75,4,3,2.6,3.8,3.67,2.2,4,4,4,4,4,3,4,4,4,4,4,3,4,3,3,3,3,3,3,4,4
1187,13.9,0,1,1.5,1.25,2,1.6,4,4,3,3.4,4,1,1.6,1,2,2,1,3,1,2,2,2,2,2,2,1,3,2,3,3,4,1,1,1
1188,13.5,1,0,2.25,3,3,3,3.25,4,3.4,2.8,2.6,3,3,3,2,2,2,4,2,3,3,3,3,3,3,3,3,4,3,3,4,3,3,3
1189,14.1,0,1,2.75,3,3.8,2.2,4,3.8,3.8,3.4,4,4,4,3,3,2,3,4,3,4,4,4,2,2,3,2,3,4,4,4,4,4,4,4
1190,13.7,0,1,2.75,3.5,3,2.8,3.75,3.6,3.8,4,4,1.67,4,2,3,3,3,3,1,4,4,3,3,2,3,3,3,4,4,4,4,2,2,1
1191,14.3,1,0,3.5,2.75,3.2,3.8,3.5,3.2,2.8,3.4,2.6,3,2.6,4,3,3,4,3,4,2,3,4,3,4,4,4,3,3,2,3,3,3,2,4
1192,13.5,1,0,3.25,4,2.8,3.4,4,2.8,3.2,3.4,3.4,4,2.8,4,4,1,4,4,1,4,4,1,4,4,4,1,4,1,4,4,3,4,4,4
1193,13.6,1,0,4,4,2.2,3.4,4,2.2,2.8,2.2,2.2,4,2.2,4,4,4,4,4,1,1,1,4,4,4,1,4,4,1,4,1,4,4,4,4
1194,13.6,0,1,2.5,3,2.6,2.8,3.25,2.4,2.8,3,3.4,3,2.6,3,3,2,2,3,2,3,2,3,3,2,3,3,3,2,3,3,3,3,3,3
1195,14.4,1,0,2.75,3,2.8,3,2.5,3.4,2.2,2,1.8,3,2,3,3,2,3,3,3,3,3,2,3,3,3,3,2,2,2,2,3,3,3,3
1196,14.6,1,0,4,3.25,3.8,4,4,3.8,3.6,3.2,3.8,4,3,4,4,4,4,3,4,4,4,4,4,4,4,4,3,4,3,4,4,4,4,4
1197,13.5,1,0,3.75,3,3.2,3.6,4,3.6,3.6,2.6,3.6,3.67,3.4,4,4,4,3,4,2,3,3,4,4,3,4,3,4,3,4,3,4,4,4,3
1198,14.4,1,0,2.5,3.25,2.2,2.8,3.25,3.4,3.8,2,3.2,1,2.2,2,3,1,4,1,4,1,4,1,4,4,1,1,4,4,4,4,3,1,1,1
1199,14,1,0,3.75,3.25,3.8,3.4,4,3.8,3.2,3.4,4,1,2.8,4,4,3,4,4,3,4,4,4,3,4,4,3,3,3,3,3,4,1,1,1
1200,13.9,0,1,3,3,3.8,2.8,3.25,4,4,3.8,4,3.67,3,4,3,2,3,4,3,4,4,4,3,3,3,2,4,4,4,4,4,4,3,4
1201,14,1,0,3.75,3.5,3.6,3.8,3.5,2.4,2.8,2.8,4,4,2.4,4,4,3,4,4,2,4,4,4,4,4,4,3,2,4,2,3,3,4,4,4
1202,14.2,0,1,2.75,2,3.2,2.2,3,3.4,2,2.6,2.8,2.33,2.4,3,3,3,2,3,3,3,3,4,3,2,2,2,2,2,2,2,2,3,2,2
1203,14.3,1,0,4,4,4,4,4,4,4,3.4,4,4,4,4,4,4,4,4,4,4,4,4,4,4,4,4,4,4,4,4,4,4,4,4
1204,15.1,1,0,2.25,2,2.8,2.4,3.5,2,3.2,2.4,3.2,3.33,1.8,3,2,2,2,4,1,3,3,3,3,3,2,2,4,3,3,2,4,3,3,4
1205,15.6,0,1,2.75,1.75,3,2,3.25,4,3.6,3.6,4,3,2,3,3,3,2,4,3,2,3,3,2,2,2,2,4,3,3,4,4,3,3,3
1206,14.3,.,.,2.25,2.5,2.2,2,2.25,2.8,2.8,3,2.2,2.67,2.6,3,2,2,2,2,1,2,3,3,2,1,3,1,4,3,2,2,3,3,1,4
1207,13.7,1,0,3,3.75,3.6,3,3.5,2.8,2.8,3.2,2.6,2,2.4,3,3,3,3,3,4,4,4,3,3,3,4,2,3,3,3,3,2,2,2,2
1208,13.7,0,1,2,1.5,2.8,1.6,2.5,3.6,3.6,3,3.4,1.33,2.8,3,2,2,1,3,2,3,3,3,2,2,2,1,4,4,3,3,4,1,2,1
1209,15.9,0,1,1.5,2.25,2.6,2.4,3.25,3.8,3.4,3,4,1.33,3.2,1,2,2,1,2,1,4,3,3,2,3,2,2,3,3,3,4,4,2,1,1
1210,13.7,1,0,3.5,2.75,3.4,3.2,3,3.8,3.2,3.4,3.6,3,2.8,4,4,3,3,4,3,3,3,4,3,4,3,3,2,4,3,3,4,3,3,3
1211,14.1,1,0,4,3.5,3.4,4,3.75,4,3.4,3.8,4,3.67,3.8,4,4,4,4,4,2,4,3,4,4,4,4,4,4,1,4,4,4,4,3,4
1212,15.4,0,1,1,1.5,1,1.6,3,3.8,3,2,3.2,1,1.6,1,1,1,1,1,1,1,1,1,2,3,1,1,3,4,3,2,3,1,1,1
1213,14.7,1,0,2.5,3,2.6,3,3.5,3.2,2.6,3.4,3.2,3.33,2.6,3,2,3,2,2,2,3,3,3,3,3,3,3,2,3,2,3,3,3,4,3
1214,14.3,1,0,4,4,3.2,4,4,3,3.4,3.4,3.4,4,3.8,4,4,4,4,4,1,4,3,4,4,4,4,4,3,4,3,3,4,4,4,4
1215,14.3,1,0,3,3.5,3.2,3.4,4,3.8,2.4,3,3.6,3,3.6,3,3,3,3,4,3,4,2,3,4,3,4,3,2,3,2,2,3,3,3,3
1216,13.6,1,0,3.25,4,3.6,4,4,4,3.4,4,4,4,3.6,1,4,4,4,4,3,4,3,4,4,4,4,4,3,3,4,3,4,4,4,4
1217,14.8,1,0,4,3.25,3.4,3.8,4,3.8,3.4,4,3.8,3.33,2.6,4,4,4,4,4,2,4,3,4,4,4,4,3,4,3,3,3,4,3,3,4
1218,13.5,0,1,2,2.75,2.6,2.6,3.75,4,3.2,3.6,4,1,2.6,1,4,1,2,3,2,4,2,2,3,3,2,3,3,4,3,3,3,1,1,1
1219,14.3,1,0,2.75,2.5,3,3.4,3.25,3.6,2,2.4,2,3.33,2.4,4,3,3,1,4,2,3,3,3,4,3,3,4,2,2,2,2,2,4,3,3
1220,14.2,1,0,3,3.25,3,3.6,3.25,3.4,3.2,3.4,2.8,3.67,3.2,3,3,3,3,3,3,3,3,3,4,3,4,3,2,3,3,4,4,4,3,4
1221,15,0,1,2.5,2.25,2.8,2.6,3,2.8,3,3,3,3,3,3,3,2,2,3,2,3,3,3,3,2,3,2,3,3,3,3,3,3,3,3
1222,13.8,0,1,1.75,1.25,2,1.6,2.75,2.8,3,3.2,4,2,2.6,2,1,2,2,3,1,2,2,2,2,2,2,1,3,3,3,3,3,2,2,2
1223,14.1,1,0,3.25,3.5,2.6,3.8,3.5,3.8,2.8,4,3,2.67,3,3,3,3,4,3,1,4,3,2,4,4,4,4,3,1,3,3,4,4,2,2
1224,13.7,1,0,2.75,2,3.2,2.8,3.25,3.8,3.8,3,3.2,4,3.4,3,3,3,2,4,2,3,3,4,4,2,3,2,3,4,4,4,4,4,4,4
1225,13.6,1,0,3,2.75,2.8,3.2,2.75,2.8,2.8,2.8,3,4,2.8,3,3,3,3,3,2,3,3,3,4,3,3,3,3,2,3,3,3,4,4,4
1226,14.2,0,1,2.25,2,3.6,2.2,2.75,4,3,3.2,4,3,3.4,2,2,2,3,4,2,4,4,4,2,2,2,2,3,3,3,3,3,3,3,3
1227,14.9,0,1,2,4,2.2,2.4,4,2,2.8,3.4,4,2,2.8,2,3,2,1,3,1,3,2,2,2,1,4,1,2,3,3,2,4,3,2,1
1228,13.7,1,0,3,2.25,3.4,3,3.75,2.6,3.4,3.6,4,3.67,3,3,3,3,3,4,1,4,4,4,3,2,4,3,2,4,4,3,4,4,4,3
1229,16.5,0,1,3,3.75,2.6,3,4,3.2,3.2,3.6,4,1,1,3,3,3,3,3,1,3,3,3,4,2,3,3,3,3,3,3,4,1,1,1
1230,13.9,0,1,2.75,1.75,3.2,2.8,3.25,2.4,3,3,4,3.33,2.4,3,3,2,3,4,3,3,3,3,4,2,3,2,3,3,3,3,3,4,3,3
1231,14.2,0,1,2,2,2.8,1.8,3,3.4,3.2,2.8,4,2.33,2.6,2,2,2,2,4,1,3,3,3,2,2,2,1,3,4,3,4,2,3,2,2
1232,14,1,0,2.75,3.5,2.8,3.6,3.25,3,3,2.8,3.4,3.33,3.2,3,3,3,2,3,2,4,2,3,4,3,3,4,3,3,3,3,3,4,3,3
1233,14,1,0,2.75,3,3.4,3,3,3.8,2.8,3.2,2.8,3,3.4,3,3,2,3,4,2,4,3,4,3,3,4,2,3,3,2,3,3,3,3,3
1234,13.9,0,1,2,2.5,2.8,2,3.25,2.2,3.4,2.2,4,2,3,2,2,2,2,3,2,3,3,3,2,2,2,2,4,3,4,3,3,1,1,4
1235,14.5,0,1,.,.,.,.,.,.,.,.,.,.,.,.,.,.,.,.,.,.,.,.,.,.,.,.,.,.,.,.,.,.,.,.
1236,15,1,0,.,.,.,.,.,.,.,.,.,.,.,.,.,.,.,.,.,.,.,.,.,.,.,.,.,.,.,.,.,.,.,.
1237,14.3,1,0,.,.,.,.,.,.,.,.,.,.,.,.,.,.,.,.,.,.,.,.,.,.,.,.,.,.,.,.,.,.,.,.
1238,13.9,1,0,.,.,.,.,.,.,.,.,.,.,.,.,.,.,.,.,.,.,.,.,.,.,.,.,.,.,.,.,.,.,.,.
1239,14.6,1,0,.,.,.,.,.,.,.,.,.,.,.,.,.,.,.,.,.,.,.,.,.,.,.,.,.,.,.,.,.,.,.,.
1240,14.8,0,1,.,.,.,.,.,.,.,.,.,.,.,.,.,.,.,.,.,.,.,.,.,.,.,.,.,.,.,.,.,.,.,.
1241,14.1,1,0,.,.,.,.,.,.,.,.,.,.,.,.,.,.,.,.,.,.,.,.,.,.,.,.,.,.,.,.,.,.,.,.
1242,16.8,0,1,.,.,.,.,.,.,.,.,.,.,.,.,.,.,.,.,.,.,.,.,.,.,.,.,.,.,.,.,.,.,.,.
1243,15,1,0,.,.,.,.,.,.,.,.,.,.,.,.,.,.,.,.,.,.,.,.,.,.,.,.,.,.,.,.,.,.,.,.
1244,14.4,0,1,.,.,.,.,.,.,.,.,.,.,.,.,.,.,.,.,.,.,.,.,.,.,.,.,.,.,.,.,.,.,.,.
1245,14.5,0,1,.,.,.,.,.,.,.,.,.,.,.,.,.,.,.,.,.,.,.,.,.,.,.,.,.,.,.,.,.,.,.,.
1246,14.2,1,0,.,.,.,.,.,.,.,.,.,.,.,.,.,.,.,.,.,.,.,.,.,.,.,.,.,.,.,.,.,.,.,.
1247,14.6,1,0,.,.,.,.,.,.,.,.,.,.,.,.,.,.,.,.,.,.,.,.,.,.,.,.,.,.,.,.,.,.,.,.
1248,14.9,0,1,.,.,.,.,.,.,.,.,.,.,.,.,.,.,.,.,.,.,.,.,.,.,.,.,.,.,.,.,.,.,.,.
1249,14.2,1,0,.,.,.,.,.,.,.,.,.,.,.,.,.,.,.,.,.,.,.,.,.,.,.,.,.,.,.,.,.,.,.,.
1250,17.1,0,1,.,.,.,.,.,.,.,.,.,.,.,.,.,.,.,.,.,.,.,.,.,.,.,.,.,.,.,.,.,.,.,.
1251,15.3,1,0,.,.,.,.,.,.,.,.,.,.,.,.,.,.,.,.,.,.,.,.,.,.,.,.,.,.,.,.,.,.,.,.
1252,16.5,1,0,.,.,.,.,.,.,.,.,.,.,.,.,.,.,.,.,.,.,.,.,.,.,.,.,.,.,.,.,.,.,.,.
1253,14.6,1,0,.,.,.,.,.,.,.,.,.,.,.,.,.,.,.,.,.,.,.,.,.,.,.,.,.,.,.,.,.,.,.,.
1254,15.7,1,0,.,.,.,.,.,.,.,.,.,.,.,.,.,.,.,.,.,.,.,.,.,.,.,.,.,.,.,.,.,.,.,.
1255,15.2,1,0,.,.,.,.,.,.,.,.,.,.,.,.,.,.,.,.,.,.,.,.,.,.,.,.,.,.,.,.,.,.,.,.
1256,15.6,0,1,.,.,.,.,.,.,.,.,.,.,.,.,.,.,.,.,.,.,.,.,.,.,.,.,.,.,.,.,.,.,.,.
1257,15.2,1,0,.,.,.,.,.,.,.,.,.,.,.,.,.,.,.,.,.,.,.,.,.,.,.,.,.,.,.,.,.,.,.,.
1258,14.7,0,1,.,.,.,.,.,.,.,.,.,.,.,.,.,.,.,.,.,.,.,.,.,.,.,.,.,.,.,.,.,.,.,.
1259,15,1,0,.,.,.,.,.,.,.,.,.,.,.,.,.,.,.,.,.,.,.,.,.,.,.,.,.,.,.,.,.,.,.,.
1260,14.8,1,0,.,.,.,.,.,.,.,.,.,.,.,.,.,.,.,.,.,.,.,.,.,.,.,.,.,.,.,.,.,.,.,.
1261,15.6,1,0,.,.,.,.,.,.,.,.,.,.,.,.,.,.,.,.,.,.,.,.,.,.,.,.,.,.,.,.,.,.,.,.
1262,15.5,1,0,.,.,.,.,.,.,.,.,.,.,.,.,.,.,.,.,.,.,.,.,.,.,.,.,.,.,.,.,.,.,.,.
1263,.,1,0,.,.,.,.,.,.,.,.,.,.,.,.,.,.,.,.,.,.,.,.,.,.,.,.,.,.,.,.,.,.,.,.
1354,.,1,0,.,.,.,.,.,.,.,.,.,.,.,.,.,.,.,.,.,.,.,.,.,.,.,.,.,.,.,.,.,.,.,.
