"id","grev","greq","grea","ach","anx","prelim","gpa","ma"
1,396,482,362,37,65,11,3.18,2.7
2,442,491,546,53,43,12,4.42,3.3
3,430,532,438,41,70,9,3.71,3.8
4,464,443,479,40,64,10,3.96,3.7
5,570,487,481,39,41,9,4.42,2.5
6,758,660,621,41,60,11,4.68,2.6
7,601,728,549,42,58,10,4.18,2.9
8,451,430,394,64,50,11,4.69,3
9,671,652,598,53,53,11,4.34,3.3
10,487,576,449,37,63,9,3.84,3.3
11,569,548,478,47,49,10,4.12,3.1
12,311,331,349,53,55,9,3.8,2
13,468,452,514,52,46,11,3.54,2.5
14,626,486,536,49,37,9,3.92,3.1
15,635,570,594,57,57,11,4.21,3.7
16,462,554,427,46,53,10,4.34,3.3
17,450,450,476,45,38,10,4.14,2.7
18,511,613,525,40,64,11,3.52,2.8
19,587,532,592,48,51,11,4.82,3.2
20,481,498,700,59,45,12,4.39,3
21,559,537,448,42,50,10,4.07,3
22,495,453,417,56,50,9,4.1,3
23,518,581,488,37,52,9,3.76,3.1
24,448,515,486,54,42,10,3.53,2.9
25,390,408,589,63,41,10,4.05,3.9
26,409,397,456,51,58,9,3.19,2.5
27,426,461,477,47,57,9,3.37,3
28,698,668,572,32,61,12,4.45,3.7
29,444,384,339,33,75,7,3.71,2.4
30,448,450,463,43,52,10,2.98,2.3
31,519,457,612,51,59,9,4.01,3.2
32,389,357,526,53,51,10,4.04,2.6
33,478,363,386,55,64,9,4.19,2.1
34,561,569,501,33,53,10,4.67,3.8
35,524,556,502,51,50,12,4.21,3.1
36,384,375,290,57,58,9,3.74,2.2
37,467,496,603,53,52,10,3.22,3
38,576,658,443,41,66,9,3.22,2.6
39,456,513,508,62,47,10,4.26,3.3
40,428,421,360,54,57,9,3.61,2.5
41,405,450,404,46,57,10,4.25,3
42,666,673,478,34,64,10,4.58,2.9
43,430,356,221,45,53,9,3.19,2
44,574,664,604,46,48,10,4.62,3.6
45,303,325,421,45,49,10,3.96,2.7
46,503,418,484,43,40,9,4.09,3.3
47,399,353,506,51,40,11,4.05,3.3
48,411,413,503,46,39,10,3.94,2.8
49,530,357,498,62,43,10,4.1,2.4
50,329,255,207,42,73,9,2.76,1.7
51,333,375,309,24,70,8,3.24,2.8
52,339,478,422,54,56,9,3.41,2.5
53,705,635,613,38,39,11,4.56,3.5
54,446,448,465,43,51,10,3.71,4.3
55,424,366,559,58,52,10,4.3,4
56,462,528,556,47,50,10,4.03,3.5
57,687,624,662,62,49,11,5.01,3.2
58,326,348,301,40,55,8,3.33,2.2
59,413,524,507,68,46,11,4.67,4
60,621,611,494,48,60,11,4.21,3.4
61,660,616,539,52,57,9,5.05,2.9
62,489,595,434,42,45,10,3.89,3.4
63,760,710,647,38,54,11,3.57,3.6
64,515,519,492,51,42,10,3.87,3.8
65,529,561,633,58,26,12,4.38,2.9
66,768,659,601,48,48,10,4.9,3.4
67,493,539,482,65,25,10,4.42,2.5
68,450,515,510,56,50,9,3.51,3.2
69,462,496,487,53,48,10,3.9,2.2
70,363,395,423,56,51,9,2.85,3.9
71,419,522,425,36,49,9,3.52,2.5
72,527,452,590,60,41,10,4.01,2.4
73,458,392,447,48,50,9,4.46,2.9
74,369,346,365,45,52,11,4.16,2.8
75,445,491,586,58,54,10,4.42,2.5
76,541,502,602,55,56,10,4.2,3.8
77,642,601,538,45,50,12,4.3,3.8
78,750,629,636,42,63,12,4.47,3.2
79,535,491,473,50,58,11,4.3,3
80,608,508,475,56,56,10,4.15,3.4
81,492,528,489,38,54,8,4.05,2.6
82,664,520,576,56,55,11,4.09,3
83,607,517,428,41,57,10,3.65,3.2
84,498,649,622,49,48,11,4.03,3.6
85,463,351,380,43,63,9,3.28,3.1
86,448,400,444,44,55,9,3.76,3.6
87,682,715,623,54,62,12,4.77,3.2
88,481,400,611,77,37,10,3.57,3.3
89,323,243,271,41,69,9,3.96,2.6
90,588,622,605,63,40,11,4.47,3.4
91,652,528,497,54,41,13,4.57,3.1
92,404,385,357,46,52,9,3.73,2.2
93,567,509,500,41,42,10,3.87,2.5
94,461,540,562,53,41,11,4.34,3.2
95,402,444,477,57,58,9,3.24,3
96,427,324,467,49,47,9,3.7,3
97,498,409,477,45,45,9,3.51,3.8
98,359,369,338,30,52,8,3.34,2.5
99,579,579,507,47,60,8,4.64,3.3
100,543,555,486,48,36,9,4.77,2.6
101,649,625,610,47,59,11,4.3,2.9
102,374,434,499,52,42,9,3.04,2.4
103,399,433,462,49,42,9,3.65,3.4
104,503,559,568,40,54,10,4.28,2.3
105,503,470,463,49,49,9,3.59,2.9
106,668,602,707,52,50,10,5.12,3.1
107,358,331,437,62,49,10,4.06,3.4
108,493,492,371,46,61,8,3.49,2.6
109,471,427,443,49,51,9,3.55,3.7
110,647,546,666,52,46,10,4.72,3.2
111,650,774,576,56,52,11,4.27,3.3
112,485,590,662,62,47,10,4.74,2.7
113,494,440,469,44,47,10,4.41,3.2
114,521,424,407,39,61,9,2.8,1.5
115,470,459,547,35,62,12,3.59,3
116,479,548,366,42,57,10,3.4,2.7
117,591,573,490,38,72,10,3.41,2.2
118,409,412,446,52,53,10,3.8,2.6
119,693,675,643,49,39,11,4.83,3.6
120,386,496,365,37,49,9,3.91,2.5
121,476,460,521,44,43,10,3.01,2.9
122,520,503,541,59,45,11,4.24,2.8
123,519,593,561,49,51,11,3.78,2.3
124,484,448,473,48,60,9,3.53,2.4
125,464,581,531,43,55,11,4.24,3.2
126,410,592,534,65,41,10,4.33,3.8
127,533,628,470,47,63,11,3.65,2.6
128,737,806,694,53,40,10,4.15,3.1
129,366,286,315,41,65,9,3.26,3.4
130,645,630,541,54,50,11,4.45,3
131,590,548,627,65,51,11,3.54,3.6
132,503,513,444,40,69,11,3.92,2.9
133,613,621,524,35,51,10,5.27,3
134,572,644,615,52,43,10,3.36,3
135,598,459,531,45,64,11,4.62,3.9
136,522,600,459,38,50,10,3.81,2.9
137,636,429,610,53,47,10,4.49,2.7
138,380,536,424,30,54,9,3.45,2.8
139,629,572,571,43,51,10,4.52,3.7
140,612,545,594,70,54,10,4.45,3.1
141,590,585,698,63,36,11,4.38,3.9
142,572,538,599,46,51,10,3.86,2.8
143,398,312,499,43,42,9,4.49,1.8
144,633,698,551,49,62,11,4.27,3.3
145,376,479,391,50,45,10,4.36,3
146,514,586,626,57,49,10,3.96,3
147,639,579,520,45,49,9,4.08,3
148,413,535,508,48,41,8,3.91,2.6
149,540,540,495,58,52,11,4.32,2.8
150,697,619,634,38,53,11,4.92,3.5
151,524,504,579,61,45,10,4.09,2.6
152,327,429,241,35,61,10,3.05,3.4
153,593,619,445,51,52,10,3.98,2.5
154,306,354,514,51,30,10,3.3,2.8
155,365,329,342,39,60,9,3.52,2.8
156,484,588,467,49,56,9,4.19,3
157,565,618,431,34,69,9,3.97,3.3
158,600,517,565,48,50,11,4.45,2.7
159,427,380,439,56,41,10,3.41,2.7
160,528,493,423,37,55,10,3.52,3.1
161,369,391,433,50,41,10,4.05,3
162,542,579,465,47,59,10,4.37,2.4
163,607,630,499,50,49,11,3.55,3.1
164,553,656,607,37,35,10,4.57,3.5
165,407,339,446,56,31,10,3.61,2.5
166,653,586,581,43,45,10,4.08,3.3
167,609,604,611,53,45,9,4.17,2.7
168,500,456,461,59,51,12,3.75,3.1
169,627,731,490,37,62,11,4.24,3.3
170,383,540,349,29,60,9,4.2,2.6
171,543,582,596,58,48,10,4.18,3.4
172,420,305,274,36,59,8,3.87,2.2
173,286,304,393,52,62,9,3.78,2.1
174,562,444,621,57,38,10,3.91,3.3
175,474,363,512,59,40,10,4.02,3.5
176,488,521,582,63,48,9,4.31,3
177,511,455,386,46,61,10,3.53,3.1
178,527,515,590,55,54,10,4.18,3.4
179,475,402,355,37,60,8,3.39,3.2
180,553,547,651,57,46,11,4.73,3
181,484,552,495,52,57,10,4.35,3
182,727,734,642,57,42,10,4.8,3
183,706,724,588,53,52,10,4.21,3.1
184,475,597,405,45,48,10,3.3,2.9
185,418,335,422,43,56,9,4.25,3.5
186,388,438,500,58,41,10,5.23,3.4
187,560,492,600,56,59,10,4.26,3.6
188,446,497,447,42,49,10,3.24,2.1
189,519,512,425,53,52,10,4.47,2.6
190,427,344,383,48,62,10,3.4,3.4
191,645,673,657,56,50,10,4.3,4
192,382,435,504,60,37,10,4.77,3.2
193,356,413,523,65,48,10,4.1,2.7
194,733,754,666,54,39,10,4.06,3.9
195,445,526,532,63,44,11,3.6,3
196,645,493,569,52,28,11,3.89,3.9
197,307,297,383,34,46,7,2.74,1.9
198,433,514,364,50,58,10,4.22,3.2
199,728,809,779,62,42,12,5.04,3.6
200,299,346,365,45,52,9,3.55,1.9
201,603,465,533,42,39,9,3.72,2.5
202,441,428,542,48,34,10,3.69,3.5
203,624,623,524,53,57,12,4.62,2.8
204,284,324,334,48,55,10,3.37,2.4
205,341,445,465,46,44,9,3.25,2.5
206,667,718,599,50,58,10,4.14,2.7
207,428,389,457,67,47,9,3.11,3.3
208,407,452,549,69,35,10,5.14,2.9
209,627,497,550,42,38,10,4.5,2.9
210,487,506,547,66,45,9,4.13,3.2
211,580,468,493,50,60,10,3.7,3.2
212,380,347,424,54,49,11,3.46,2.3
213,579,630,596,53,62,11,4.29,2.8
214,407,494,518,56,36,9,4.65,2.9
215,614,550,603,54,57,10,3.83,3.4
216,665,639,691,57,35,12,3.98,3.3
217,625,549,460,52,50,11,3.43,2.6
218,416,382,527,64,49,9,3.3,2.7
219,535,513,545,52,49,11,3.98,2.9
220,592,521,526,49,49,9,4.19,2.5
221,469,338,430,49,50,9,4.02,2
222,591,584,598,55,47,10,4.4,3
223,485,565,630,67,41,11,3.96,3
224,463,351,471,41,63,9,3.77,2.7
225,590,607,408,54,50,11,4.09,3.2
226,529,550,476,61,38,9,4.11,3.3
227,452,454,619,52,45,11,4.56,3.1
228,559,511,555,44,62,11,4.24,3.6
229,519,592,606,57,41,11,3.59,4.1
230,407,515,578,56,30,9,4.35,3.2
231,620,620,754,57,32,11,4.9,4.2
232,443,414,411,54,68,10,3.56,2.6
233,438,434,576,56,52,11,4.74,3.5
234,498,481,507,44,54,9,4.05,3.1
235,701,583,647,37,48,11,4.72,3.8
236,621,588,501,45,62,10,4.96,2.2
237,348,414,313,47,47,9,3.18,2.5
238,546,461,488,48,42,11,3.94,1.9
239,287,487,370,38,46,9,3.43,3.1
240,357,400,418,46,51,9,3.13,2.5
241,433,410,468,55,46,10,3.97,3.1
242,386,392,552,67,33,9,3.8,2.5
243,647,619,575,53,35,9,4.15,2.4
244,566,672,499,42,51,11,3.4,3
245,561,489,618,55,52,10,4,3
246,471,451,621,55,41,10,3.57,3.3
247,218,385,343,53,53,11,3.12,2.3
248,515,451,370,38,72,11,3.96,2.7
249,437,532,445,38,48,10,3.44,3.2
250,649,708,587,49,54,10,3.67,4
251,613,526,578,51,45,12,4.25,2.9
252,410,368,359,50,63,8,3.94,2.3
253,468,372,459,55,30,10,3.78,3.2
254,580,513,624,44,49,10,4.15,2.8
255,433,277,476,54,46,9,3.68,3
256,552,575,525,41,51,10,4.51,2.1
257,487,523,505,42,56,8,3.19,3.5
258,610,622,621,63,48,11,3.82,4
259,594,602,534,36,57,10,3.77,3.6
260,379,443,528,61,42,10,4.67,3.9
261,389,471,494,54,50,10,3.73,2.9
262,477,431,373,40,47,9,2.5,2.8
263,449,505,416,64,48,10,4.48,3.4
264,479,539,618,59,43,12,4.09,2.4
265,410,467,552,53,53,9,3.53,2.6
266,505,476,458,43,63,11,4.1,2.8
267,429,450,467,62,39,10,3.29,2.9
268,448,592,529,49,42,11,4.54,2.9
269,450,371,444,58,50,9,4.07,3
270,536,420,456,50,65,10,3.78,2.2
271,476,447,387,43,74,9,4.21,3
272,479,399,488,53,50,10,4.46,2.7
273,575,589,553,52,46,10,4.48,3
274,540,523,389,38,49,10,3.5,2.3
275,493,543,704,72,40,12,4.35,3.8
276,500,495,543,50,58,10,4.88,3.1
277,543,443,566,59,38,9,4.83,3.3
278,324,333,299,39,56,9,3.47,1.5
279,413,509,478,55,46,10,3.83,3.2
280,544,636,532,56,64,8,4.14,2.8
281,420,411,459,55,42,11,4.04,3.5
282,475,612,521,52,63,12,4.48,3.6
283,425,326,361,43,65,9,3.59,2.9
284,607,545,543,58,52,10,4.38,2.2
285,361,510,539,59,54,10,4.45,2.3
286,415,577,499,57,53,7,3.27,2.8
287,556,566,552,47,53,10,4.93,3.2
288,522,505,438,45,46,10,4.75,2.4
289,432,559,300,29,70,10,3.56,2.7
290,653,530,485,34,47,10,3.6,2.1
291,563,529,633,71,21,11,4.86,4.5
292,618,564,599,51,57,11,4.44,2.8
293,374,364,521,68,39,10,3.31,2.8
294,851,846,848,57,43,13,5.33,3.9
295,650,672,503,41,62,11,3.84,2.9
296,532,474,402,34,72,9,3.95,3.5
297,569,473,658,61,36,11,5.13,3.7
298,658,573,657,48,49,12,5.38,4
299,549,485,508,41,54,10,4.19,3.1
300,612,560,523,45,58,10,4.25,3.1
301,371,414,446,45,40,11,4.66,2.8
302,246,399,494,59,47,9,4.14,2.3
303,482,485,593,77,41,10,4.34,3
304,409,372,446,64,41,9,3.56,3.2
305,441,333,435,65,44,10,4.43,3.3
306,405,418,513,61,36,10,3.61,3.6
307,428,377,461,43,58,9,3.35,2.8
308,555,484,697,64,24,11,4.22,2.4
309,663,668,583,56,51,10,3.98,3.1
310,362,478,466,60,58,12,4.32,2.3
311,598,508,430,47,61,9,2.89,2.9
312,440,491,442,50,45,9,4.25,3.2
313,630,657,614,46,48,10,4.28,3.6
314,591,549,420,57,57,9,3.77,2.3
315,391,429,448,41,58,9,3.07,3
316,555,532,690,67,57,11,4.63,2.8
317,418,531,445,38,59,10,2.89,3
318,448,525,429,52,51,9,3.52,3.2
319,457,507,472,45,58,9,4.21,3.2
320,493,658,598,55,40,11,4.78,3.4
321,745,594,778,77,36,12,4.06,3.5
322,454,513,512,49,59,11,3.5,2.5
323,658,519,496,43,64,10,3.72,3.3
324,391,377,399,43,41,10,4.6,3.6
325,438,397,279,16,72,9,3.06,2.1
326,436,571,444,57,49,9,4.28,2.1
327,625,569,500,43,49,10,4.16,2.2
328,320,422,211,26,75,8,2.74,1.9
329,390,427,481,55,24,10,4.43,3.5
330,692,599,717,56,39,10,4.25,3.5
331,371,484,495,51,63,10,3.19,3.2
332,579,525,438,35,63,10,3.97,3
333,380,582,587,62,14,10,3.62,3.1
334,371,392,381,41,56,9,4.14,3.2
335,407,439,402,59,38,10,4.29,2.6
336,506,382,387,34,60,9,3.7,2.4
337,696,588,662,56,59,11,4.63,3.9
338,487,445,431,40,49,9,3.65,2.9
339,419,349,473,36,57,9,3.94,3
340,678,678,623,50,52,10,3.93,3
341,415,519,466,54,48,11,3.71,3.2
342,449,511,430,50,45,8,4.14,3.1
343,719,667,639,39,57,10,4.69,2.8
344,342,495,274,47,48,9,3.91,3.4
345,444,469,456,53,40,10,4.41,3.2
346,289,315,427,70,45,9,3.63,3.4
347,389,444,404,56,58,10,3.37,2.8
348,489,546,237,26,59,9,2.8,2.1
349,338,429,259,19,65,8,3.23,2.1
350,461,385,331,45,66,9,3.48,2.8
351,460,459,430,38,63,8,4.11,2
352,505,500,473,47,53,9,3.56,3.3
353,503,524,514,61,36,11,3.97,3.2
354,631,776,740,72,39,12,4.83,3.2
355,504,480,440,53,56,10,3.83,3.4
356,334,343,325,47,52,7,3.85,2.6
357,596,492,530,61,38,11,3.44,2.9
358,475,534,446,55,51,10,3.88,2.1
359,497,563,428,64,45,11,4.5,3
360,478,629,534,64,41,10,4.23,2.8
361,629,616,674,55,45,13,4.71,4.5
362,477,445,570,51,48,11,4.27,3.8
363,462,383,445,64,38,9,3.57,3.5
364,379,304,538,59,39,11,4.14,2.9
365,318,413,442,52,42,10,3.92,2.4
366,458,514,369,44,66,8,4.29,3.6
367,633,581,469,28,54,10,4.2,2
368,500,487,495,49,57,11,4.2,3.1
369,138,191,344,55,37,7,2.65,2
370,527,516,672,75,36,11,4.39,3
371,630,594,544,46,53,10,4.43,2.6
372,499,367,376,57,46,11,4.75,3.4
373,498,500,503,49,59,10,4.52,3.1
374,515,530,490,53,36,12,4.74,3.4
375,503,547,448,40,52,9,3.41,2.2
376,497,516,498,34,64,9,3.88,3.4
377,185,281,329,56,43,9,4.01,3
378,524,553,475,50,53,9,4.44,3.5
379,324,326,432,59,41,9,4.1,2.7
380,539,467,435,45,62,9,3.53,3.4
381,472,537,628,54,28,11,4.07,4.4
382,569,454,561,59,38,10,3.86,3.1
383,631,550,486,34,56,11,3.59,3.3
384,513,426,508,47,51,10,4.29,2.3
385,873,824,794,55,51,12,4.35,3.9
386,417,398,339,47,58,10,3.73,2.8
387,509,501,601,63,47,9,4.65,3.4
388,478,443,443,55,52,10,4.46,2.6
389,327,363,552,70,41,9,3.66,2
390,327,423,475,56,38,11,4.08,3.2
391,463,471,442,41,59,9,3.36,3
392,458,514,483,56,50,10,3.85,2.8
393,563,379,659,67,53,11,4.4,3.2
394,524,470,490,51,57,9,3.6,3.6
395,335,314,321,39,46,8,3.27,3.2
396,650,483,624,55,43,11,4.02,3.7
397,466,417,430,50,63,10,3.4,2.5
398,280,314,311,47,50,9,3.01,2.6
399,266,397,276,47,64,9,3.02,2.2
400,470,477,416,48,60,9,3.43,2.4
401,544,421,469,49,45,11,4.64,3.7
402,488,500,563,55,49,11,4.98,3.3
403,603,535,557,43,64,11,3.55,3.7
404,442,472,532,59,21,10,3.59,3.9
405,578,466,556,46,56,12,4.14,4
406,673,619,727,56,39,12,3.59,4
407,707,733,482,46,51,11,4.48,3.1
408,531,576,430,36,60,9,3.76,2.6
409,541,536,517,55,57,10,4.57,2.8
410,536,469,487,44,46,10,4.55,2.5
411,710,684,712,52,54,11,4.16,3.3
412,498,498,416,50,52,9,3.74,2.2
413,572,678,612,60,50,13,4.28,2.9
414,412,416,365,52,60,11,3.97,3.1
415,548,532,430,44,53,10,4.48,2.8
416,481,375,326,48,63,8,4,2.6
417,476,362,474,67,46,10,3.02,3.8
418,337,529,530,37,70,9,4.33,3.5
419,325,415,460,48,49,9,4.6,2.6
420,540,521,474,51,51,11,4.23,3.2
421,487,493,435,52,60,10,4.05,3
422,389,389,341,57,68,9,3.25,2.5
423,526,507,628,79,26,11,4.99,3.4
424,512,641,510,59,47,10,4,2.5
425,422,599,396,42,56,10,3.4,2.8
426,377,311,420,54,42,9,3.76,2.5
427,554,568,475,61,40,10,5.06,3.4
428,518,555,519,50,51,10,4.25,3.7
429,466,532,464,51,42,10,3.64,2.2
430,519,598,584,51,52,11,4.55,3.6
431,455,539,404,44,46,9,3.27,1.8
432,484,584,468,24,69,8,3.51,3.4
433,734,614,719,55,47,11,4.33,3.8
434,409,375,492,67,31,9,3.97,2.9
435,619,788,524,43,59,10,4.4,3.3
436,558,533,487,51,63,10,4.5,3.4
437,441,482,455,51,55,10,3.33,3.4
438,377,448,378,60,56,8,3.93,2.7
439,541,463,525,58,43,10,4.93,3.1
440,605,625,490,40,66,11,4.05,2.7
441,497,507,513,59,44,9,4.15,3
442,520,556,708,74,37,12,4.95,3.9
443,721,577,623,49,43,10,3.89,3.6
444,403,386,457,42,57,10,4.01,2.7
445,532,401,362,30,63,9,3.9,3.1
446,417,474,489,52,48,11,4.38,3.6
447,502,430,474,38,67,10,4.31,3.5
448,435,602,528,48,44,12,4.72,3.5
449,518,483,527,48,59,11,3.65,2.9
450,538,573,478,50,58,11,4.23,2.8
451,432,352,451,51,50,11,3.26,3.1
452,577,638,531,52,34,11,4.55,2.7
453,560,674,677,55,44,11,4.18,3.8
454,427,339,536,67,42,11,4.41,3.5
455,615,478,554,38,57,10,4.22,2.8
456,374,403,457,46,53,10,3.74,3.1
457,414,395,456,56,54,11,3.4,2.7
458,619,583,606,57,56,11,4.63,3.2
459,705,524,433,40,62,11,4.28,3.1
460,359,314,463,49,34,10,3.44,2.7
461,488,470,578,78,15,12,4.28,3.4
462,398,371,483,53,53,9,3.78,3.1
463,526,363,502,62,40,10,4.76,3.2
464,619,481,552,61,49,10,4.57,3.7
465,598,708,595,65,47,11,4.71,4
466,541,569,594,56,56,11,3.53,2.8
467,410,437,429,67,48,9,4.01,3
468,487,602,594,43,35,11,4.76,3.1
469,462,483,461,39,78,10,3.76,2.4
470,538,558,555,48,45,11,4.15,3.3
471,383,335,364,47,50,9,4.13,3.1
472,512,385,495,55,46,11,5.02,3.4
473,383,404,299,42,58,9,3.51,2.5
474,359,508,560,67,43,11,4.46,2.1
475,503,555,548,56,53,11,4.21,3.4
476,424,387,452,54,59,10,4.14,2.8
477,560,599,591,56,39,11,5.17,3.9
478,353,401,454,47,52,9,3.84,2.2
479,348,436,418,57,52,11,3.77,3.1
480,580,609,505,47,52,11,4.77,2.7
481,495,492,493,62,48,11,3.36,3.1
482,505,544,519,44,49,10,3.78,3.1
483,358,421,336,49,66,9,3.5,2.3
484,561,564,530,55,51,9,3.33,3.2
485,431,555,531,60,50,12,3.79,3.5
486,316,256,325,40,62,7,3.35,2.7
487,685,624,651,50,48,13,4.62,3.6
488,493,448,515,59,42,10,3.87,3.7
489,408,395,241,29,61,9,3.27,2
490,820,700,646,51,60,11,4.72,2.9
491,510,382,276,33,69,9,3.24,2.9
492,661,656,625,38,45,10,3.85,2.5
493,670,708,592,40,55,11,4.67,2.8
494,570,496,577,54,34,10,4.65,2.3
495,541,548,603,72,31,12,4.47,4.2
496,427,377,381,57,66,9,4.57,2.6
497,585,567,618,52,56,11,3.66,2.9
498,345,452,379,55,46,10,4.15,2.5
499,246,360,393,58,49,10,3.93,2.5
500,701,656,634,43,63,12,4.8,2.9
501,597,443,542,57,52,11,3.83,3.5
502,455,451,555,51,41,12,3.65,3.7
503,492,482,409,50,46,11,2.85,3.1
504,531,447,503,48,53,11,4.76,3.2
505,427,464,463,44,50,10,3.49,2.1
506,340,458,387,56,49,9,4.72,2.1
507,370,392,544,57,45,10,4.2,2.6
508,607,550,604,43,49,11,4.3,3.5
509,377,420,375,53,59,8,3.84,2.3
510,547,481,502,46,50,9,3.27,3.2
511,397,592,459,43,51,10,4.16,2.4
512,443,511,484,63,34,10,4.52,3.4
513,346,278,454,70,27,10,4.16,3
514,536,639,671,69,31,11,4.28,3.4
515,499,434,559,45,48,11,3.82,2.9
516,625,677,653,55,50,12,4.59,3.5
517,456,496,399,39,66,9,4.12,3.2
518,577,505,559,51,35,11,4,3.3
519,432,404,437,64,37,10,3.94,2.7
520,651,632,590,65,42,11,4.62,3.3
521,538,511,548,53,45,11,3.68,3.2
522,523,462,546,48,50,10,3.99,3.5
523,499,463,378,39,52,8,3.3,2.6
524,439,397,586,61,48,10,3.96,3.1
525,558,589,519,45,56,10,4.24,2.9
526,470,446,559,45,48,11,3.75,3.5
527,478,471,542,49,42,10,3.48,3.1
528,393,359,392,34,57,9,4.5,2.9
529,315,514,347,38,52,8,3.44,2.5
530,552,532,518,48,37,9,4.36,2.2
531,462,447,502,58,46,11,4.41,3.5
532,452,541,535,59,39,11,3.73,3
533,624,465,526,47,43,11,4.07,3.3
534,331,500,476,54,46,11,3.68,3.3
535,565,631,487,40,57,11,4.46,3.5
536,554,479,623,43,40,12,4.49,3.5
537,604,650,571,53,42,11,4.13,3.3
538,358,504,585,74,35,10,3.66,3.1
539,547,468,411,40,50,10,3.53,3.5
540,652,676,583,49,50,11,5.07,3.3
541,541,590,497,45,54,11,4.29,2.7
542,533,394,546,62,40,11,4.08,3
543,383,458,498,51,56,11,2.93,2.5
544,568,571,630,55,47,10,4.43,3.9
545,547,495,507,38,55,10,4,3.7
546,444,442,378,35,47,9,3.65,1.9
547,624,553,540,48,52,12,4.31,2.6
548,546,496,643,70,26,11,3.85,2.7
549,365,418,578,67,31,10,3.86,3.4
550,575,507,381,28,55,9,3.4,2.9
551,534,469,552,51,41,10,3.88,3.2
552,520,594,565,63,41,10,3.95,3.2
553,454,455,430,56,55,11,4.21,2.2
554,593,488,486,48,59,9,3.79,3.5
555,520,482,374,19,64,9,3.49,2.6
556,552,544,470,38,56,10,3.93,3.6
557,331,364,579,63,47,10,3.96,3.3
558,510,533,601,55,44,11,4.45,3.6
559,484,457,469,50,53,12,3.53,3.2
560,517,532,517,50,57,10,4,3.3
561,468,420,413,44,49,9,3.8,3.4
562,454,575,569,53,45,10,4.54,2.7
563,378,477,481,57,39,10,4.32,3
564,471,427,422,44,50,10,3.91,2.8
565,525,602,521,53,56,11,3.84,2.9
566,401,501,370,42,50,9,3.4,2.8
567,313,265,399,44,58,10,2.72,3
568,477,323,422,45,52,11,4.04,3.2
569,399,428,366,46,43,9,3.52,2.6
570,463,557,434,38,61,9,4.53,3.1
571,535,490,454,43,55,8,4.27,2.9
572,602,649,622,47,48,10,4.32,3.4
573,564,514,555,40,51,10,4.27,2.9
574,344,282,360,46,33,9,3.85,3.1
575,540,573,450,40,59,11,4.05,2.8
576,556,528,411,39,71,10,4.09,3.1
577,621,487,530,44,46,10,4.58,3.1
578,547,634,688,55,23,10,3.9,3.2
579,386,433,414,51,45,9,3.54,3.2
580,372,390,522,46,36,11,5.17,3.2
581,516,431,431,46,42,9,4.01,2.8
582,358,210,400,44,35,9,3.39,1.8
583,509,430,468,41,68,10,3.38,2.7
584,524,585,668,73,35,11,4.85,2.7
585,511,503,495,55,49,10,3.64,3.9
586,726,632,572,48,53,10,4.69,3.3
587,355,330,269,34,51,10,3.23,2.2
588,389,363,349,32,60,10,3.33,3
589,416,390,398,52,32,11,4.58,3.1
590,582,493,490,35,67,10,3.49,2.5
591,737,640,662,73,49,11,4.41,3.7
592,558,426,541,54,55,9,4.02,2.4
593,409,385,434,61,55,9,3.99,3.1
594,478,533,430,44,46,9,3.1,3
595,440,510,410,35,59,8,3.42,3.4
596,534,595,689,53,43,11,4.15,3.6
597,451,483,481,46,50,10,3.9,3.1
598,572,627,538,49,45,10,4.12,3.2
599,631,606,524,46,57,10,4.6,2.8
600,527,459,579,63,49,11,4.11,3.1
601,548,649,500,39,60,9,3.6,2.9
602,741,742,519,43,61,11,4.1,2.5
603,541,642,558,62,53,11,4.81,3.2
604,593,576,637,59,54,11,4.04,2.8
605,654,628,536,50,46,10,4.34,2.8
606,599,457,472,47,53,10,4.07,3.1
607,601,567,588,58,28,10,4.7,2.6
608,489,507,537,50,50,9,3.47,2.5
609,394,422,397,56,47,9,3.81,3.3
610,547,624,588,38,45,11,3.52,3.1
611,444,482,364,39,66,10,3.62,2.2
612,374,497,544,53,40,9,4.25,3
613,484,498,599,56,53,13,4.09,2.8
614,577,550,426,39,64,10,2.83,2.9
615,362,382,341,41,54,8,3.52,1.8
616,408,414,532,61,38,10,3.97,3
617,459,444,555,53,67,11,4.33,3.7
618,434,419,442,45,47,8,3.17,3.4
619,657,523,540,44,54,9,4.72,2.8
620,435,453,420,43,62,8,3.6,3
621,561,524,482,56,43,11,4.08,3.5
622,457,413,347,43,63,9,3.75,2.6
623,486,499,363,30,54,8,3.53,2.4
624,420,325,426,52,38,9,4.01,2.8
625,543,492,505,55,69,10,4.47,3
626,578,588,596,49,61,11,3.5,3
627,442,408,515,74,39,11,4.01,3.8
628,432,464,454,52,49,10,4.14,3.2
629,537,593,602,58,55,11,4.69,3.5
630,481,623,417,42,51,10,3.75,3.2
631,423,341,309,34,64,9,3.51,1.9
632,462,480,485,52,42,9,4.03,3.1
633,388,304,394,38,59,9,2.91,2.8
634,457,483,490,54,52,9,3.79,3.1
635,466,422,414,48,47,9,3.51,2.9
636,351,383,297,66,56,9,3.64,2.6
637,314,371,328,45,50,10,4.11,2.3
638,544,607,643,57,55,11,4.46,3.2
639,436,514,594,53,49,11,3.67,3.7
640,597,719,556,43,54,8,3.14,2.6
641,566,609,446,35,61,9,3.94,2.7
642,361,236,295,61,54,8,3.98,1.4
643,418,458,364,33,66,9,3.91,3.5
644,365,372,393,56,52,8,3.11,2.6
645,384,407,409,46,62,9,3.35,2.8
646,336,451,424,61,52,9,3.81,2.9
647,385,521,602,42,41,10,4.22,2.9
648,546,571,521,35,56,11,4.46,3.2
649,345,368,361,37,64,8,3.82,2
650,552,454,555,60,32,10,3.54,3.4
651,464,347,484,52,54,10,3.92,2.3
652,501,510,533,62,54,12,4.47,2.5
653,444,361,460,65,32,10,4.02,2.5
654,200,467,388,53,39,8,3.4,2.5
655,525,367,506,51,39,10,4.6,3.1
656,533,652,649,63,31,12,5.04,3.6
657,497,476,612,43,57,10,4.86,3.6
658,438,382,443,51,35,10,3.38,2.3
659,478,452,427,50,45,10,4.18,2.5
660,548,534,563,55,38,11,4.86,3.3
661,561,492,572,55,45,11,3.69,3.2
662,482,503,490,57,49,11,4.25,3.3
663,535,556,540,56,41,11,4.27,2.4
664,333,378,354,54,50,9,4.04,2.5
665,558,626,415,43,53,10,4.36,2.6
666,483,604,433,41,47,10,3.38,3.6
667,627,520,554,41,64,12,4.21,3.4
668,735,604,599,44,53,13,4.44,3.4
669,516,637,481,37,77,10,4.08,2.4
670,433,474,457,45,68,11,4.28,2.5
671,628,615,643,49,50,11,3.52,2.6
672,554,576,481,42,56,10,4.54,2.9
673,656,590,670,68,37,11,4.16,2.9
674,534,527,459,57,53,11,3.81,3.4
675,431,438,373,39,43,9,4,2.6
676,607,522,444,35,72,9,3.83,2.7
677,367,434,373,35,62,10,3.47,2.8
678,417,379,529,54,51,11,4.15,3
679,609,514,536,49,51,10,4.26,3.5
680,440,462,478,53,42,10,3.23,3.3
681,440,395,465,54,49,10,4.48,2
682,663,518,614,69,49,12,4.53,2.9
683,652,535,625,51,61,11,3.75,2.4
684,335,451,437,42,50,9,3.64,2.4
685,518,611,491,28,65,11,3.95,3.1
686,716,568,700,57,41,12,4.2,4.1
687,360,411,338,45,76,8,3.15,2.6
688,553,528,376,25,61,9,3.77,2.6
689,475,576,589,57,50,11,3.67,3.3
690,312,347,338,59,51,11,4.21,3
691,495,444,479,50,58,10,3.34,3
692,487,563,636,51,49,10,4.26,1.9
693,514,582,455,38,61,10,4.49,2.9
694,373,429,402,58,62,10,3,2.1
695,594,723,663,58,30,10,4.56,3.3
696,524,432,605,63,36,10,4.11,3.6
697,637,775,631,30,69,11,4.81,2.8
698,622,636,628,56,51,11,4.25,3.5
699,343,312,322,32,61,10,4.14,2.7
700,668,629,545,52,46,10,3.68,3.3
701,420,491,513,70,44,11,4.33,3.9
702,533,438,599,62,41,12,4.68,3.7
703,617,543,571,53,29,12,4.22,3.6
704,619,700,612,43,49,11,3.88,3.8
705,693,696,564,63,55,11,4.99,3.8
706,476,399,361,39,48,8,2.97,3
707,370,392,465,46,59,10,3.64,2.8
708,474,453,478,57,42,10,3.94,3.7
709,583,534,568,55,37,10,3.94,3.9
710,585,557,474,49,43,10,4.17,2.5
711,388,345,425,57,51,8,2.78,2.5
712,501,458,446,35,66,9,4.44,3.4
713,539,496,634,63,51,10,4.26,2.7
714,419,416,507,66,50,9,3.79,3
715,398,385,419,37,56,10,4.07,2.7
716,426,478,634,66,42,11,4.44,2.7
717,374,463,444,48,46,9,3.48,2.8
718,613,578,575,50,51,11,4.1,3.3
719,508,549,548,68,48,11,4.26,3.4
720,457,409,410,44,45,10,3.4,2.2
721,503,460,448,49,49,11,3.33,2.6
722,403,292,489,54,44,9,4.55,3.5
723,616,529,661,56,53,12,4.48,3.4
724,478,595,535,61,48,10,4.17,2.6
725,692,687,566,46,57,10,4.5,3.1
726,437,403,444,43,44,9,4.38,3.1
727,381,383,463,45,42,9,3.96,3.4
728,527,483,691,67,50,11,4.66,3.5
729,477,400,458,38,62,10,3.7,2.7
730,460,469,450,47,57,8,4.02,3.2
731,467,535,482,47,62,9,3.6,2.7
732,720,510,595,50,39,9,4.51,3.3
733,494,405,410,46,58,10,4.07,2.9
734,250,339,316,60,46,9,3.16,2.1
735,470,517,374,36,61,10,3.86,3.4
736,681,648,673,47,41,12,5.18,3
737,537,427,391,31,62,9,4.05,3.1
738,690,685,564,48,63,11,3.68,3
739,545,627,591,62,39,12,4.72,3.5
740,750,775,678,47,41,11,4.96,3.2
741,480,548,529,64,41,10,3.64,3.3
742,635,575,678,58,25,12,4.35,3.4
743,454,508,483,48,46,11,3.84,3
744,509,444,549,65,48,10,4.48,2.8
745,508,679,516,53,57,10,4.29,3.4
746,663,552,576,39,50,11,4.11,2.6
747,368,460,341,33,67,8,3.57,2.9
748,354,428,419,54,50,8,3.4,2.6
749,596,637,617,38,55,9,4.57,3
750,526,469,598,52,46,11,4.23,3.1
751,651,658,619,63,44,11,4.18,3.2
752,476,557,425,51,54,10,3.58,3
753,686,914,654,41,62,10,4.55,2.7
754,326,343,347,41,54,9,3.46,2.6
755,540,551,609,58,50,11,4.11,3.9
756,403,401,353,42,52,11,3.11,2.2
757,316,287,240,36,74,8,3.53,2.5
758,591,694,566,53,38,9,5.23,3.2
759,314,390,518,55,40,11,3.93,2.7
760,525,388,579,66,53,10,4.37,2.6
761,501,483,434,40,47,11,4.19,2.8
762,348,481,328,37,62,9,3.87,2.6
763,616,543,527,56,61,10,3.81,3.5
764,453,390,426,53,44,8,4.25,3.2
765,507,480,415,48,63,10,4.22,3
766,543,446,578,37,42,12,4.38,3.4
767,510,496,454,38,61,11,3.95,2.6
768,431,540,414,51,52,12,4.16,3.2
769,673,735,719,59,36,12,4.03,3.5
770,562,573,686,58,44,11,4.84,3.4
771,536,527,532,44,65,10,4.53,2.9
772,483,664,630,51,47,10,3.38,3.1
773,577,505,499,61,35,10,3.88,2.9
774,569,481,552,55,57,11,4.32,4.1
775,263,436,449,59,51,10,3.44,3.4
776,324,343,330,45,61,9,3.83,3
777,517,501,432,41,63,10,4.06,3.6
778,261,330,353,46,48,9,3.33,3
779,595,512,609,56,37,11,4.49,3.5
780,662,649,601,56,50,10,3.07,3.1
781,506,520,362,50,50,10,3.39,2.5
782,519,401,546,45,56,13,3.32,3.5
783,585,626,523,54,39,11,4.01,3.4
784,605,518,638,64,45,10,3.69,3
785,559,544,525,50,42,9,3.95,2.8
786,633,572,530,48,56,10,3.59,3.1
787,462,543,566,72,35,11,4.24,3.3
788,359,346,572,66,53,11,3.68,3
789,480,506,400,43,48,10,3.68,3.9
790,518,446,380,31,60,10,3.78,2.5
791,408,392,375,40,45,10,3.32,2.2
792,566,613,488,55,54,9,3.99,3.7
793,634,661,583,37,66,11,3.66,2.2
794,479,460,598,43,31,11,4.17,2.7
795,448,422,406,50,74,9,3.46,3.3
796,551,505,499,46,57,10,3.78,2.1
797,387,328,354,56,56,9,3.63,2.7
798,397,474,526,59,34,9,4.31,3.7
799,291,326,244,37,60,9,3.08,2.2
800,503,445,560,58,55,10,4.23,3.3
801,457,541,464,46,58,9,3.81,2.8
802,557,490,421,41,43,8,3.96,2.6
803,476,520,465,47,52,9,2.96,3
804,517,542,533,43,61,10,4.64,2.3
805,467,605,596,57,50,10,3.85,3
806,598,525,571,51,47,11,4.56,2.5
807,427,524,516,49,53,10,4.47,2.5
808,402,406,349,43,69,9,4.13,2.5
809,499,633,527,31,55,11,3.7,2.1
810,451,596,360,42,55,9,2.88,2.3
811,612,606,460,48,58,11,4.5,2.8
812,362,444,330,40,51,10,3.61,3.2
813,434,561,504,34,52,9,3.48,2.1
814,520,473,453,48,54,10,2.85,2.3
815,588,556,595,52,49,9,4.52,2.6
816,320,262,402,56,46,9,4,2.9
817,608,493,622,63,39,11,4.92,3.5
818,470,566,463,51,45,9,4.72,3.5
819,441,516,426,53,57,9,3.14,2.3
820,495,501,512,43,48,10,3.96,3.6
821,529,494,473,32,53,9,3.46,2.8
822,415,346,443,47,64,9,3.27,2.3
823,450,414,540,69,34,10,4.41,2.6
824,584,581,495,41,54,11,4.44,3
825,413,495,527,61,43,10,3.72,3
826,287,373,508,53,51,10,4.36,3.4
827,594,606,560,50,66,10,3.56,4
828,560,463,545,52,58,12,3.94,3.8
829,468,476,431,49,50,9,3.8,2.8
830,414,481,393,41,59,9,3.29,2.8
831,361,327,260,43,61,10,3.37,2.4
832,612,662,569,53,49,12,3.94,3.8
833,671,623,479,61,53,10,4.43,2.9
834,411,524,308,46,62,8,3.61,2.7
835,369,513,486,48,48,9,4.21,3.3
836,549,568,614,52,54,11,3.76,3.1
837,651,647,540,38,55,11,5.17,3.2
838,451,343,477,56,47,11,3.79,3.1
839,596,639,474,50,63,9,4.64,4
840,477,510,476,43,53,10,3.81,2.2
841,467,483,416,56,59,10,3.66,2.2
842,336,514,373,42,46,9,4.02,3
843,585,562,607,43,73,11,4.47,2.7
844,610,689,770,69,38,11,5.22,3.5
845,580,516,466,49,47,10,3.57,3.2
846,604,585,636,56,56,10,3.93,3.2
847,575,468,538,50,55,11,4.05,3.2
848,448,472,414,38,46,9,3.18,2.6
849,551,499,500,36,59,9,3.95,2.8
850,400,535,541,45,58,9,4.05,3.1
851,565,554,695,62,32,12,4.33,3.1
852,513,433,563,63,38,11,4.3,3.8
853,447,485,556,55,39,12,3.9,2.6
854,540,544,438,41,55,9,4.43,2.6
855,391,371,373,45,42,7,3.44,2.8
856,562,503,587,40,54,10,4.06,3
857,505,434,435,51,68,9,3.81,2.7
858,738,693,694,58,53,11,4.31,4
859,656,683,561,45,65,11,4.14,3.7
860,506,508,485,49,52,11,4.12,3
861,531,523,557,50,49,10,4.39,3.2
862,657,708,575,61,51,11,3.92,3.8
863,543,489,541,40,37,11,4.15,3.2
864,556,608,590,63,42,9,4.3,3
865,469,520,572,51,65,10,4.27,3.4
866,424,456,589,59,27,11,4.36,3.2
867,575,560,621,55,45,11,5.15,2.7
868,388,431,451,52,54,11,3.82,2.9
869,428,430,485,58,50,10,3.98,2.7
870,441,465,583,55,29,10,4,3.5
871,374,382,379,46,54,10,3.55,2.1
872,492,460,557,68,40,11,4.47,3.6
873,642,618,604,50,45,10,3.84,3.2
874,633,542,678,63,34,12,4.85,3.9
875,452,612,478,40,48,11,3.66,2.6
876,429,524,404,41,60,9,3.68,2.5
877,457,654,571,70,39,10,4.96,2.9
878,477,547,419,41,48,7,2.67,2.8
879,618,578,592,50,54,10,4.77,2.4
880,344,464,485,60,39,10,4.39,2.8
881,548,602,614,45,41,10,3.75,3.6
882,531,525,487,70,44,10,4.37,3.1
883,448,503,346,49,40,8,3.03,3.1
884,456,505,584,72,55,10,4.29,3.2
885,590,593,504,55,51,12,4.85,2.7
886,570,620,458,66,49,9,3.68,3.4
887,316,391,231,30,70,9,3.25,1.9
888,588,520,471,58,46,10,3.79,2.9
889,720,757,639,46,63,9,4.56,3.6
890,490,479,579,57,35,10,4.11,3.6
891,641,678,609,32,62,10,3.97,3.1
892,574,401,487,58,54,10,3.4,3.9
893,602,573,319,23,65,9,3.68,3
894,602,497,570,52,48,10,4.55,3
895,288,349,283,43,55,9,3.9,2.3
896,696,540,729,68,37,10,4.66,3
897,286,390,356,50,36,9,3.64,3.1
898,451,469,517,68,38,10,4.61,3.1
899,500,430,480,49,43,9,4.27,1.8
900,618,605,483,46,66,10,3.61,2.6
901,493,570,536,48,35,11,4.64,3.3
902,440,496,471,44,48,10,3.96,3.3
903,561,661,735,69,46,11,3.99,3.5
904,608,415,435,41,62,10,4.9,2.3
905,389,439,328,50,49,12,3.83,2.8
906,534,459,502,51,44,9,4.42,2.7
907,472,402,507,61,35,12,4.5,3.2
908,613,692,474,27,58,8,4,3
909,450,499,486,56,45,10,4.04,2.6
910,477,351,394,40,70,9,3.8,3.2
911,499,481,549,46,51,11,3.56,2.4
912,497,531,485,62,37,11,3.88,3.3
913,472,384,528,51,49,9,3.65,2.8
914,561,606,637,60,46,11,3.8,3.4
915,526,510,438,46,40,10,3.36,2.8
916,501,405,314,40,58,8,3.31,2.5
917,686,563,515,30,61,10,3.78,2.9
918,313,468,443,58,45,9,3.32,2.5
919,340,489,377,63,54,10,4.1,2.9
920,489,472,541,48,58,10,3.59,3.2
921,470,455,489,47,52,10,4.04,3.1
922,451,356,366,41,57,10,4.41,3.1
923,229,299,461,67,31,9,3.33,2.5
924,605,547,635,56,40,12,4.2,4.3
925,547,464,456,39,52,11,4.14,3.1
926,607,487,481,36,71,9,4.37,2
927,503,449,478,53,49,10,3.52,3.3
928,539,377,517,46,53,12,5.05,2.4
929,475,466,445,62,45,9,3.68,3.6
930,524,613,613,51,52,11,4.4,3.3
931,504,534,502,53,62,10,4.23,3.3
932,343,366,317,50,41,8,3.52,3
933,345,388,401,38,48,8,3.47,2.8
934,530,557,449,49,52,11,4.04,2.4
935,648,580,674,59,37,9,4.4,2.6
936,734,668,629,39,57,12,3.59,2.9
937,448,324,514,63,32,10,4.02,3
938,645,569,579,42,39,11,3.93,3.2
939,489,554,482,44,59,10,3.54,2.4
940,553,411,373,39,61,10,3.99,3.4
941,542,545,538,50,38,10,3.94,2.7
942,371,386,453,57,40,10,4.11,3.8
943,300,431,404,53,48,9,4,3
944,600,510,543,50,63,11,4.25,3.4
945,591,605,613,50,54,10,4.71,2.6
946,614,644,602,48,50,10,4.42,2.8
947,611,681,553,41,55,10,4.51,3.4
948,571,588,620,45,53,11,4.09,2.9
949,390,422,413,28,75,9,3.13,3.2
950,529,609,704,71,34,11,4.35,3
951,441,461,525,62,43,10,4.43,2.8
952,636,502,619,49,52,12,4.37,3
953,526,496,468,39,51,11,4.44,2.6
954,491,539,630,58,23,11,4.38,2.9
955,504,701,612,51,46,11,3.78,2.9
956,535,526,520,56,43,10,4.22,3.4
957,494,369,520,54,51,10,4.46,3.3
958,458,488,539,51,42,11,4.25,3.7
959,427,385,368,37,54,10,4.36,2.6
960,424,441,428,37,67,9,2.97,2.6
961,483,395,382,39,46,9,3.98,2.7
962,320,418,310,31,69,7,3.28,2.6
963,354,455,495,61,47,11,4.23,3.1
964,367,411,465,45,42,9,3.45,3.2
965,488,377,385,48,56,8,3.49,2.5
966,545,476,412,37,58,11,4.7,3.2
967,531,371,464,62,29,10,4.06,3.2
968,351,340,391,47,53,10,3.36,2.4
969,501,622,447,48,52,10,4.26,2.7
970,492,342,407,46,51,8,3.69,2.7
971,546,623,645,62,59,11,4.68,3.4
972,592,484,506,51,50,8,3.75,3.2
973,548,574,457,55,66,10,4.11,2.9
974,597,645,569,41,51,10,3.37,3.1
975,422,481,456,56,53,10,4.2,3.2
976,494,446,693,61,42,11,4.45,3.9
977,381,397,382,49,46,10,3.65,2.7
978,511,524,385,64,51,10,3.47,3
979,539,444,383,39,55,11,4.18,2.9
980,682,564,555,50,52,9,4.07,3.5
981,641,613,452,27,64,9,3.6,2
982,374,409,323,30,44,10,3.92,2.9
983,610,425,618,61,40,9,3.45,2.7
984,491,597,466,32,49,9,4.17,3
985,404,519,356,38,71,9,3.76,2.9
986,606,692,559,39,62,10,4.54,4
987,462,400,554,60,36,10,3.57,3.5
988,545,450,492,45,53,10,4.36,3.1
989,416,506,436,44,52,10,3.86,3.3
990,366,363,254,39,65,8,3.43,1.9
991,462,591,482,44,63,10,4.31,2.4
992,454,440,559,48,53,11,4.43,2.6
993,497,538,463,40,62,11,3.94,3.2
994,451,575,551,50,49,11,3.7,2.8
995,603,638,659,47,55,11,4.48,3.6
996,334,385,467,45,46,9,4.04,2.9
997,656,591,557,53,45,11,4.61,3.7
998,470,422,492,43,42,10,3.44,2.3
999,616,612,581,60,46,10,4.1,3.2
1000,539,489,650,68,28,12,4.62,3.4
